换手率,流通股本,振幅,内盘,外盘,每股净资产,成交额,总市值,委比,跌停,昨收,股票名,最低,市净率,最高,今开,总股本,流通市值,涨停,市盈率,成交量,每股收益,量比
2.02%,31.88亿,2.07%,34.42万手,30.07万手,3.09,8.45亿,560.11亿,-44.76%,"
                        11.75",13.05,东方财富,12.99,4.22,13.26,13.02,42.89亿,416.38亿,14.36,91.80,64.49万手,0.11,1.50
--,1357.72万,--,--,--,4.81,--,10.42亿,--,"
                        17.26",19.18,百华悦邦,--,3.99,--,--,5430.87万,2.60亿,21.10,23.87,--,0.80,--
0.08%,8868.00万,--,670手,--,2.82,141.23万,74.73亿,100.00%,"
                        17.23",19.15,光弘科技,21.07,7.48,21.07,21.07,3.55亿,18.68亿,21.07,39.81,670手,0.53,--
28.74%,1800.00万,7.31%,2.28万手,2.89万手,13.66,4.30亿,60.30亿,12.37%,"
                        72.28",80.31,设研院,80.00,6.13,85.87,80.00,7200.00万,15.08亿,88.34,37.40,5.17万手,2.24,--
29.36%,2200.00万,5.21%,3.26万手,3.20万手,3.17,2.35亿,31.47亿,-66.97%,"
                        32.31",35.90,科创新源,35.28,11.38,37.15,35.28,8721.74万,7.94亿,39.49,47.20,6.46万手,0.51,--
38.03%,2324.00万,8.07%,5.93万手,2.91万手,2.51,4.01亿,42.93亿,100.00%,"
                        37.79",41.99,科创信息,42.80,18.38,46.19,42.88,9294.60万,10.73亿,46.19,929.00,8.84万手,0.05,--
22.71%,2150.00万,5.48%,2.94万手,1.94万手,5.88,1.63亿,28.18亿,-39.48%,"
                        30.74",34.15,乐歌股份,32.73,5.58,34.60,34.36,8600.00万,7.05亿,37.57,48.03,4.88万手,0.68,--
--,--,--,--,--,--,--,--,--,"
                        --",--,天常股份,--,--,--,--,--,--,--,--,--,--,--
35.96%,2440.00万,4.11%,3.94万手,4.84万手,3.83,2.76亿,30.83亿,-64.84%,"
                        27.83",30.92,润禾材料,30.88,8.25,32.15,31.09,9760.00万,7.71亿,34.01,66.73,8.77万手,0.47,--
23.25%,4010.00万,3.90%,5.27万手,4.05万手,2.53,2.77亿,119.47亿,-19.12%,"
                        27.23",30.26,宏达电子,29.26,11.80,30.44,29.72,4.00亿,11.97亿,33.29,61.14,9.32万手,0.41,--
22.21%,1833.33万,9.11%,1.93万手,2.14万手,5.42,4.99亿,90.85亿,-55.67%,"
                        107.35",119.28,药石科技,116.08,22.86,126.95,116.87,7333.33万,22.71亿,131.21,129.44,4.07万手,0.96,--
13.20%,4000.00万,3.61%,3.05万手,2.23万手,3.69,1.87亿,56.30亿,-50.64%,"
                        32.16",35.73,一品红,34.70,9.54,35.99,35.70,1.60亿,14.08亿,39.30,38.36,5.28万手,0.92,--
14.64%,2005.00万,3.86%,1.67万手,1.27万手,8.98,1.13亿,30.71亿,-42.32%,"
                        34.96",38.84,怡达股份,38.00,4.27,39.50,38.88,8015.00万,7.68亿,42.72,46.67,2.94万手,0.82,--
8.73%,1800.00万,2.62%,9734手,5977手,4.41,4819.10万,22.05亿,13.54%,"
                        27.81",30.90,海川智能,30.31,6.95,31.12,30.86,7200.00万,5.51亿,33.99,70.16,1.57万手,0.44,--
8.39%,4200.00万,2.82%,2.24万手,1.28万手,3.23,8944.43万,42.42亿,63.26%,"
                        23.27",25.85,安达维尔,25.11,7.82,25.84,25.60,1.68亿,10.60亿,28.44,414.57,3.52万手,0.06,--
6.09%,2500.00万,1.68%,9178手,6044手,7.55,5953.49万,38.96亿,-68.04%,"
                        35.25",39.17,长盛轴承,38.82,5.16,39.48,39.10,10000.00万,9.74亿,43.09,31.41,1.52万手,1.24,--
7.47%,1600.00万,2.41%,6831手,5116手,6.15,4237.88万,22.60亿,31.14%,"
                        32.16",35.73,华信新材,35.13,5.74,35.99,35.73,6400.00万,5.65亿,39.30,51.57,1.19万手,0.68,--
12.49%,2668.00万,3.46%,1.71万手,1.62万手,6.09,8535.46万,27.42亿,35.24%,"
                        23.41",26.01,国立科技,25.26,4.22,26.16,25.65,1.07亿,6.86亿,28.61,53.89,3.33万手,0.48,--
7.48%,1062.50万,2.57%,4500手,3444手,7.20,6657.00万,44.28亿,57.55%,"
                        75.74",84.16,英可瑞,83.03,11.57,85.19,83.75,5312.50万,8.86亿,92.58,51.51,7945手,1.52,--
6.53%,3502.00万,2.33%,1.32万手,9655手,4.54,5448.65万,33.20亿,18.72%,"
                        21.67",24.08,永福股份,23.61,5.22,24.17,24.08,1.40亿,8.30亿,26.49,43.38,2.29万手,0.55,--
8.79%,1750.00万,3.10%,9530手,5853手,6.61,6488.36万,28.56亿,-38.41%,"
                        38.34",42.60,万隆光电,41.61,6.30,42.93,42.75,6861.40万,7.28亿,46.86,50.41,1.54万手,0.83,--
4.76%,2200.00万,3.18%,6663手,3805手,7.12,7513.64万,62.40亿,-67.72%,"
                        65.47",72.75,精研科技,70.91,9.96,73.22,72.58,8800.00万,15.60亿,80.03,39.79,1.05万手,1.78,--
24.01%,6433.00万,3.19%,8.53万手,6.92万手,2.85,4.64亿,77.30亿,62.61%,"
                        27.89",30.99,聚灿光电,29.62,10.54,30.61,30.35,2.57亿,19.32亿,34.09,62.47,15.45万手,0.48,--
5.58%,1965.00万,1.82%,6698手,4260手,7.22,5140.78万,36.72亿,42.22%,"
                        42.57",47.30,威唐工业,46.52,6.47,47.38,46.88,7860.00万,9.18亿,52.03,38.20,1.10万手,0.92,--
21.46%,1960.00万,6.22%,2.31万手,1.90万手,5.12,3.69亿,66.88亿,-29.05%,"
                        79.99",88.88,阿石创,85.30,16.65,90.83,87.41,7840.00万,16.72亿,97.77,144.48,4.21万手,0.44,--
16.92%,2934.00万,10.75%,2.38万手,2.58万手,5.44,1.38亿,33.02亿,31.51%,"
                        23.94",26.60,九典制药,26.40,5.18,29.26,26.45,1.17亿,8.26亿,29.26,53.43,4.96万手,0.40,--
2.65%,2000.00万,1.54%,3493手,1810手,7.03,1718.71万,25.85亿,29.36%,"
                        29.16",32.40,创源文化,32.18,4.60,32.68,32.50,8000.00万,6.46亿,35.64,49.04,5303手,0.49,--
2.66%,3000.00万,1.57%,4235手,3747手,10.78,3195.93万,48.20亿,-16.42%,"
                        36.08",40.09,天宇股份,39.77,3.73,40.40,39.77,1.20亿,12.05亿,44.10,34.07,7982手,0.88,--
5.36%,2000.00万,3.77%,6482手,4233手,5.25,3958.60万,29.01亿,-71.56%,"
                        33.39",37.10,森霸股份,36.26,6.91,37.66,37.01,8000.00万,7.25亿,40.81,50.66,1.07万手,0.54,--
5.63%,9200.00万,3.57%,2.76万手,2.42万手,6.96,3.53亿,246.12亿,-92.78%,"
                        61.44",68.27,光威复材,66.88,9.61,69.32,68.27,3.68亿,61.53亿,75.10,88.86,5.18万手,0.56,--
11.49%,3350.00万,5.79%,2.20万手,1.65万手,2.85,9905.65万,33.92亿,-18.52%,"
                        23.77",26.41,万马科技,25.12,8.87,26.65,26.31,1.34亿,8.48亿,29.05,84.37,3.85万手,0.22,--
15.86%,4000.00万,3.52%,3.64万手,2.70万手,4.37,1.58亿,39.36亿,31.27%,"
                        23.02",25.58,电工合金,24.50,5.64,25.40,25.30,1.60亿,9.84亿,28.14,63.20,6.34万手,0.29,--
3.81%,1725.00万,1.79%,3638手,2939手,9.61,4749.84万,49.61亿,-19.12%,"
                        64.69",71.88,爱乐达,71.51,7.49,72.80,71.80,6895.00万,12.41亿,79.07,97.66,6578手,0.55,--
2.77%,1667.77万,1.32%,2710手,1904手,23.17,4128.32万,59.40亿,87.50%,"
                        80.64",89.60,兆丰股份,89.00,3.84,90.18,89.89,6667.77万,14.86亿,98.56,36.47,4615手,1.83,--
11.60%,2281.00万,9.34%,1.28万手,1.36万手,6.33,9407.39万,32.63亿,-71.08%,"
                        30.54",33.93,盛弘股份,33.83,5.65,37.00,34.02,9123.36万,8.16亿,37.32,60.95,2.65万手,0.44,--
9.66%,2667.00万,3.19%,1.35万手,1.22万手,6.39,1.09亿,44.96亿,72.11%,"
                        38.39",42.65,中环环保,41.82,6.60,43.18,42.65,1.07亿,11.24亿,46.92,97.92,2.58万手,0.32,--
4.09%,2140.00万,3.12%,4957手,3803手,8.85,6990.66万,67.76亿,7.42%,"
                        72.41",80.45,联合光电,78.83,8.95,81.34,80.18,8555.00万,16.95亿,88.49,73.13,8761手,0.81,--
3.62%,1734.00万,1.48%,3190手,3078手,13.19,3566.43万,39.60亿,-42.86%,"
                        51.14",56.82,双一科技,56.44,4.33,57.28,56.56,6934.00万,9.90亿,62.50,32.18,6269手,1.33,--
5.05%,1700.00万,2.62%,5078手,3512手,7.74,3684.44万,28.93亿,46.15%,"
                        38.52",42.80,澄天伟业,42.43,5.50,43.55,42.60,6800.00万,7.23亿,47.08,53.03,8591手,0.60,--
6.99%,1700.00万,3.59%,6860手,5019手,5.14,6388.10万,36.33亿,-21.92%,"
                        48.95",54.39,创业黑马,53.03,10.39,54.98,54.43,6800.00万,9.08亿,59.83,126.05,1.19万手,0.32,--
3.23%,2000.00万,1.48%,3186手,3269手,9.13,3037.59万,37.74亿,60.14%,"
                        42.44",47.15,赛意信息,46.70,5.17,47.40,47.29,8000.00万,9.44亿,51.87,42.72,6455手,0.83,--
4.17%,3130.00万,3.22%,7918手,5133手,4.82,2889.77万,27.39亿,-17.36%,"
                        20.12",22.36,智动力,21.86,4.54,22.58,22.26,1.25亿,6.85亿,24.60,85.33,1.31万手,0.19,--
3.29%,2000.00万,2.52%,3863手,2723手,7.79,5923.95万,71.86亿,-31.25%,"
                        82.15",91.28,艾德生物,89.30,11.53,91.60,90.62,8000.00万,17.96亿,100.41,79.41,6587手,0.85,--
0.06%,2172.00万,--,120手,--,5.45,24.51万,17.73亿,100.00%,"
                        16.70",18.55,中石科技,20.41,3.74,20.41,20.41,8687.00万,4.43亿,20.40,44.75,120手,0.46,--
4.52%,2583.88万,2.74%,4966手,6702手,15.52,6418.45万,57.40亿,38.78%,"
                        48.95",54.39,海特生物,54.07,3.58,55.56,54.15,1.03亿,14.35亿,59.83,39.62,1.17万手,1.05,--
2.37%,4500.00万,2.29%,6301手,4376手,2.45,1934.35万,75.48亿,36.59%,"
                        16.15",17.94,朗新科技,17.92,7.39,18.33,18.05,4.17亿,8.15亿,19.73,--,1.07万手,-0.04,--
3.03%,1890.00万,2.10%,3354手,2367手,8.09,2951.78万,38.75亿,65.22%,"
                        46.76",51.95,英搏尔,51.20,6.33,52.29,52.15,7560.00万,9.69亿,57.15,54.40,5721手,0.71,--
--,1700.00万,--,--,--,4.92,--,24.93亿,--,"
                        32.99",36.66,隆盛科技,--,7.45,--,--,6800.00万,6.23亿,40.33,137.68,--,0.20,--
3.15%,3000.00万,1.29%,5927手,3523手,25.18,8669.15万,109.62亿,17.61%,"
                        83.34",92.60,电连技术,91.30,3.63,92.49,92.48,1.20亿,27.40亿,101.86,29.90,9451手,2.29,--
18.99%,2500.00万,6.42%,2.44万手,2.31万手,4.93,2.82亿,58.79亿,39.69%,"
                        51.59",57.32,中科信息,57.32,11.92,61.00,57.49,10000.00万,14.70亿,63.05,361.27,4.75万手,0.12,--
34.49%,3666.67万,10.32%,7.75万手,4.90万手,2.63,4.60亿,54.85亿,100.00%,"
                        30.60",34.00,建科院,33.89,14.19,37.40,33.90,1.47亿,13.71亿,37.40,1261.31,12.65万手,0.02,--
1.58%,2000.00万,1.59%,2012手,1140手,10.10,1389.24万,35.08亿,18.10%,"
                        39.66",44.07,佩蒂股份,43.77,4.34,44.47,44.16,8000.00万,8.77亿,48.48,43.15,3153手,0.76,--
10.58%,2794.12万,5.25%,1.82万手,1.14万手,8.21,1.86亿,69.07亿,-40.12%,"
                        58.42",64.91,国科微,61.33,7.52,64.74,64.73,1.12亿,17.27亿,71.40,1141.26,2.96万手,0.04,--
7.38%,2535.00万,4.58%,1.17万手,6969手,4.70,7326.24万,39.12亿,-31.75%,"
                        36.17",40.19,富满电子,38.60,8.21,40.44,40.21,1.01亿,9.79亿,44.21,84.32,1.87万手,0.34,--
2.41%,2700.00万,1.35%,3606手,2909手,5.11,1445.93万,23.92亿,1.81%,"
                        20.05",22.28,大烨智能,22.08,4.33,22.38,22.35,1.08亿,5.98亿,24.51,53.93,6516手,0.31,--
2.66%,2105.00万,0.87%,3081手,2509手,5.18,1353.83万,20.42亿,-38.14%,"
                        21.76",24.18,沪宁股份,24.11,4.68,24.32,24.11,8420.00万,5.10亿,26.60,48.12,5591手,0.38,--
6.08%,1058.00万,2.15%,3471手,2958手,8.67,4628.55万,30.26亿,36.54%,"
                        64.17",71.30,杰恩设计,71.12,8.28,72.65,71.30,4216.00万,7.59亿,78.43,51.92,6430手,1.04,--
6.87%,1700.00万,3.99%,6912手,4765手,4.79,4693.05万,26.79亿,-25.08%,"
                        36.14",40.15,必创科技,39.39,8.23,40.99,40.49,6800.00万,6.70亿,44.17,212.87,1.17万手,0.14,--
5.94%,1900.00万,2.08%,6592手,4699手,5.57,3150.99万,21.11亿,-30.13%,"
                        25.09",27.88,飞鹿股份,27.68,4.99,28.26,27.80,7600.00万,5.28亿,30.67,102.95,1.13万手,0.20,--
0.04%,8000.00万,23.99%,302手,--,5.31,38.49万,61.39亿,100.00%,"
                        5.68",8.88,N鹏鹞,10.66,2.41,12.79,10.66,4.80亿,10.23亿,12.79,25.57,302手,0.30,--
6.61%,3286.00万,5.75%,9057手,1.27万手,4.38,4728.01万,28.85亿,-34.81%,"
                        18.95",21.06,科蓝软件,21.19,4.91,22.40,21.29,1.34亿,7.08亿,23.17,--,2.17万手,-0.47,--
2.37%,4500.00万,1.85%,3618手,7065手,3.37,2647.59万,44.62亿,-16.38%,"
                        21.93",24.37,科锐国际,24.50,7.35,24.95,24.73,1.80亿,11.16亿,26.81,58.89,1.07万手,0.32,--
4.48%,1490.70万,3.79%,4039手,2632手,12.08,6096.43万,55.40亿,68.80%,"
                        83.97",93.30,圣邦股份,90.00,7.53,93.54,92.90,6088.38万,13.57亿,102.63,70.15,6672手,0.99,--
1.09%,2527.00万,0.93%,1539手,1223手,19.37,1867.80万,68.23亿,-72.04%,"
                        60.72",67.47,江苏雷利,67.25,3.48,67.88,67.51,1.01亿,17.06亿,74.22,27.62,2763手,1.83,--
--,2040.00万,--,--,--,4.42,--,33.28亿,--,"
                        36.19",40.21,中孚信息,--,9.09,--,--,8277.50万,8.20亿,44.23,284.41,--,0.11,--
0.96%,2500.00万,0.67%,1160手,1247手,7.21,722.06万,29.94亿,-35.49%,"
                        26.91",29.90,延江股份,29.86,4.15,30.06,30.05,10000.00万,7.49亿,32.89,35.95,2408手,0.62,--
8.63%,2600.00万,5.66%,1.47万手,7786手,6.33,1.03亿,46.97亿,-39.67%,"
                        42.32",47.02,弘信电子,44.83,7.13,47.49,47.49,1.04亿,11.74亿,51.72,74.54,2.24万手,0.45,--
--,1500.00万,--,--,--,6.68,--,34.00亿,--,"
                        51.00",56.67,民德电子,--,8.48,--,--,6000.00万,8.50亿,62.34,97.28,--,0.44,--
3.42%,2206.25万,1.86%,5044手,2509手,4.71,2217.36万,25.82亿,28.87%,"
                        26.55",29.50,晶瑞股份,29.10,6.21,29.65,29.38,8824.99万,6.46亿,32.45,83.99,7554手,0.26,--
4.09%,2335.00万,2.60%,4342手,5196手,4.42,2927.89万,28.71亿,45.68%,"
                        27.68",30.76,世纪天鸿,30.18,6.96,30.98,30.61,9335.00万,7.18亿,33.84,114.57,9539手,0.20,--
2.20%,2000.00万,1.14%,2635手,1759手,5.75,1495.26万,27.28亿,-12.42%,"
                        30.67",34.08,正海生物,33.83,5.93,34.22,34.04,8000.00万,6.82亿,37.49,52.93,4394手,0.48,--
3.45%,2200.00万,3.33%,4035手,3547手,7.22,2123.98万,24.54亿,12.54%,"
                        25.11",27.90,雷迪克,27.80,3.86,28.73,27.80,8800.00万,6.14亿,30.69,33.86,7582手,0.62,--
1.91%,1893.34万,0.85%,2407手,1215手,7.78,1183.50万,24.87亿,86.70%,"
                        29.51",32.79,金陵体育,32.56,4.22,32.84,32.79,7573.34万,6.22亿,36.07,91.40,3622手,0.27,--
4.63%,1578.70万,2.69%,2919手,4393手,7.25,2791.60万,24.43亿,-11.58%,"
                        34.11",37.90,太龙照明,37.66,5.34,38.68,38.00,6314.80万,6.11亿,41.69,45.20,7313手,0.64,--
7.94%,3200.00万,2.06%,1.41万手,1.13万手,2.33,9612.77万,48.19亿,24.50%,"
                        34.59",38.43,杭州园林,37.51,16.18,38.30,37.80,1.28亿,12.05亿,42.27,194.39,2.54万手,0.15,--
3.08%,1700.00万,4.44%,3408手,1822手,7.35,3623.49万,46.71亿,-80.17%,"
                        63.79",70.88,星云股份,67.85,9.38,71.00,70.80,6770.00万,11.73亿,77.97,80.18,5231手,0.65,--
2.93%,3000.00万,2.11%,3898手,4885手,4.30,1718.29万,23.88亿,-7.85%,"
                        17.49",19.43,超频三,19.38,4.52,19.79,19.47,1.23亿,5.83亿,21.37,63.96,8784手,0.23,--
--,--,--,--,--,--,--,--,--,"
                        --",--,侨源气体,--,--,--,--,--,--,--,--,--,--,--
13.29%,1666.67万,5.62%,1.11万手,1.10万手,7.56,9148.35万,27.25亿,51.00%,"
                        36.16",40.18,正元智慧,40.09,5.41,42.35,40.09,6666.67万,6.81亿,44.20,1072.99,2.21万手,0.03,--
2.68%,5000.00万,1.67%,7781手,5630手,2.03,1759.73万,26.10亿,6.31%,"
                        11.84",13.16,万通智控,13.02,6.41,13.24,13.24,2.00亿,6.53亿,14.48,66.75,1.34万手,0.15,--
5.00%,1500.00万,2.36%,3821手,3681手,14.11,6841.26万,54.85亿,59.68%,"
                        80.75",89.72,透景生命,89.73,6.48,91.85,89.73,6000.00万,13.71亿,98.69,53.17,7502手,1.29,--
1.34%,7200.00万,1.14%,5892手,3720手,4.51,1431.86万,42.83亿,38.31%,"
                        13.46",14.96,正丹股份,14.84,3.30,15.01,14.96,2.88亿,10.71亿,16.46,33.20,9612手,0.34,--
1.71%,2000.00万,1.29%,2006手,1410手,3.48,873.60万,20.48亿,-56.18%,"
                        23.04",25.60,德艺文创,25.45,7.36,25.78,25.60,8000.00万,5.12亿,28.16,52.30,3416手,0.37,--
15.25%,2244.90万,3.20%,1.83万手,1.59万手,10.21,2.27亿,60.37亿,-83.42%,"
                        59.58",66.20,凯普生物,65.32,6.50,67.44,66.86,9101.70万,14.89亿,72.82,69.47,3.42万手,0.72,--
9.37%,2000.00万,3.32%,1.09万手,7866手,4.37,8215.46万,34.83亿,30.39%,"
                        39.83",44.25,广和通,43.21,9.96,44.68,44.10,8000.00万,8.71亿,48.68,103.97,1.87万手,0.31,--
1.45%,3000.00万,1.33%,1953手,2383手,4.48,915.72万,25.97亿,-16.27%,"
                        18.99",21.10,扬帆新材,20.93,4.71,21.21,21.10,1.23亿,6.32亿,23.21,40.62,4337手,0.40,--
3.64%,2000.00万,1.71%,2923手,4349手,7.63,2211.13万,24.84亿,3.41%,"
                        27.32",30.36,同和药业,30.17,4.01,30.69,30.60,8129.80万,6.11亿,33.40,36.13,7273手,0.63,--
3.77%,3392.00万,2.55%,6211手,6577手,4.31,2519.46万,26.69亿,-47.81%,"
                        17.61",19.57,达安股份,19.41,4.56,19.91,19.41,1.36亿,6.67亿,21.53,49.39,1.28万手,0.33,--
2.49%,4001.00万,3.48%,6160手,3792手,2.46,2758.37万,109.44亿,47.26%,"
                        25.08",27.87,开立医疗,27.00,11.11,27.97,27.96,4.00亿,10.95亿,30.66,71.47,9953手,0.29,--
2.56%,2895.00万,1.79%,4378手,3024手,4.37,1640.83万,25.65亿,26.90%,"
                        20.07",22.30,光莆股份,22.05,5.06,22.45,22.45,1.16亿,6.41亿,24.53,43.41,7402手,0.38,--
5.32%,2576.00万,4.17%,6552手,7159手,5.47,3261.73万,24.24亿,-14.71%,"
                        20.93",23.25,久吾高科,23.25,4.32,24.22,23.25,1.03亿,6.08亿,25.58,70.82,1.37万手,0.25,--
2.34%,3052.94万,4.92%,3455手,3694手,5.51,5164.56万,88.41亿,-58.61%,"
                        63.89",70.99,普利制药,70.01,13.14,73.50,70.68,1.22亿,22.10亿,78.09,109.56,7149手,0.50,--
1.51%,3734.00万,1.03%,3092手,2554手,18.35,7632.56万,201.22亿,51.05%,"
                        121.29",134.77,亿联网络,134.48,7.34,135.87,134.70,1.49亿,50.31亿,148.25,31.60,5647手,3.20,--
1.70%,2980.00万,0.86%,2744手,2307手,5.90,2304.97万,56.18亿,6.35%,"
                        41.00",45.56,华测导航,45.49,7.72,45.88,45.56,1.23亿,13.58亿,50.12,65.76,5051手,0.54,--
0.79%,2500.00万,1.43%,1165手,818手,4.70,571.01万,28.78亿,-49.68%,"
                        25.72",28.58,华瑞股份,28.55,6.12,28.96,28.55,10000.00万,7.20亿,31.44,51.24,1984手,0.42,--
4.40%,7000.00万,3.32%,1.86万手,1.23万手,7.77,8031.36万,71.85亿,-4.03%,"
                        23.07",25.63,三雄极光,25.66,3.30,26.51,26.44,2.80亿,17.96亿,28.19,31.29,3.08万手,0.61,--
--,2000.00万,--,--,--,3.98,--,13.24亿,--,"
                        14.89",16.55,万兴科技,--,4.16,--,--,8000.00万,3.31亿,18.20,19.10,--,0.58,--
8.48%,2360.00万,3.20%,1.24万手,7569手,12.70,1.38亿,63.90亿,2.50%,"
                        62.94",69.93,捷捷微电,68.02,5.37,70.26,70.10,9360.00万,16.11亿,76.92,42.56,2.00万手,1.20,--
1.90%,2145.00万,1.09%,2066手,2005手,5.11,1053.36万,22.29亿,-28.46%,"
                        23.19",25.77,博士眼镜,25.70,5.08,25.98,25.77,8580.00万,5.57亿,28.35,44.33,4071手,0.44,--
3.28%,3400.00万,2.09%,3579手,7588手,5.64,2194.78万,27.24亿,-40.97%,"
                        17.62",19.58,维业股份,19.39,3.48,19.80,19.59,1.39亿,6.68亿,21.54,35.43,1.12万手,0.42,--
3.58%,2200.00万,1.90%,4081手,3788手,5.21,3064.81万,34.14亿,-38.20%,"
                        35.08",38.98,光库科技,38.63,7.45,39.37,38.75,8800.00万,8.54亿,42.88,60.98,7870手,0.48,--
6.55%,1868.00万,2.80%,7363手,4864手,5.46,5623.22万,34.04亿,1.48%,"
                        41.76",46.40,金银河,45.47,8.36,46.77,46.08,7468.00万,8.51亿,51.04,64.57,1.22万手,0.53,--
17.94%,3000.00万,10.72%,2.47万手,2.91万手,8.26,14.19亿,321.48亿,-52.97%,"
                        224.82",249.80,寒锐钴业,248.00,32.41,274.78,248.00,1.20亿,80.37亿,274.78,77.33,5.38万手,2.60,--
1.18%,1667.00万,1.74%,1179手,794手,11.79,1009.84万,34.19亿,-22.73%,"
                        46.13",51.26,安靠智电,50.89,4.35,51.78,51.58,6667.00万,8.55亿,56.39,48.15,1974手,0.80,--
0.94%,2700.00万,4.20%,686手,1849手,21.99,4125.30万,180.98亿,-79.82%,"
                        143.48",159.42,尚品宅配,158.01,7.46,164.70,159.00,1.10亿,44.27亿,175.36,65.97,2536手,1.86,--
4.04%,2000.00万,2.23%,4459手,3616手,5.53,2575.69万,25.29亿,54.15%,"
                        28.68",31.87,欣天科技,31.57,5.72,32.28,32.00,8000.00万,6.32亿,35.06,90.01,8075手,0.26,--
5.84%,1111.15万,3.11%,4115手,2375手,20.55,1.33亿,91.98亿,-2.04%,"
                        188.30",209.22,富瀚微,202.50,9.88,209.00,207.22,4531.59万,22.55亿,230.14,85.36,6490手,1.82,--
1.89%,4474.00万,1.70%,4437手,4034手,3.69,1247.42万,26.38亿,-29.55%,"
                        13.22",14.69,美力科技,14.61,3.99,14.86,14.65,1.79亿,6.59亿,16.16,60.19,8471手,0.18,--
1.34%,3750.00万,1.36%,2456手,2573手,4.44,850.35万,25.32亿,10.78%,"
                        15.23",16.92,晨化股份,16.82,3.80,17.05,16.90,1.50亿,6.33亿,18.61,30.62,5029手,0.41,--
3.52%,2500.00万,2.64%,4433手,4364手,4.44,3163.64万,36.27亿,47.37%,"
                        32.09",35.66,汇纳科技,35.36,8.10,36.30,35.64,1.01亿,8.99亿,39.23,82.43,8798手,0.33,--
2.66%,2191.15万,2.00%,3537手,2285手,6.77,1746.80万,26.48亿,2.85%,"
                        26.98",29.98,思特奇,29.75,4.43,30.35,29.81,8843.15万,6.56亿,32.98,284.46,5823手,0.08,--
3.15%,3261.60万,5.08%,6339手,3922手,5.60,6622.37万,83.48亿,-3.57%,"
                        60.03",66.70,拓斯达,63.15,11.43,66.54,66.31,1.30亿,20.87亿,73.37,60.39,1.03万手,0.79,--
1.13%,2230.00万,1.68%,1366手,1152手,4.98,847.39万,29.88亿,-70.25%,"
                        30.07",33.41,金太阳,33.38,6.72,33.94,33.40,8920.00万,7.47亿,36.75,52.12,2519手,0.48,--
1.61%,2100.00万,1.39%,1913手,1474手,5.10,925.85万,22.83亿,47.02%,"
                        24.62",27.36,恒锋信息,27.17,5.32,27.55,27.25,8400.00万,5.71亿,30.10,60.51,3387手,0.34,--
12.76%,1905.00万,7.33%,1.54万手,8889手,5.13,1.42亿,44.09亿,-6.37%,"
                        54.60",60.67,长川科技,56.20,11.01,60.65,60.65,7802.60万,10.77亿,66.74,130.63,2.43万手,0.33,--
4.77%,2570.00万,2.30%,5776手,6491手,3.96,4414.98万,36.58亿,-31.07%,"
                        32.11",35.68,立昂技术,35.58,9.02,36.40,35.78,1.02亿,9.17亿,39.25,46.64,1.23万手,0.57,--
1.77%,4200.00万,2.88%,4722手,2727手,2.36,3497.60万,196.76亿,-52.05%,"
                        42.75",47.50,康泰生物,46.60,19.79,47.97,47.90,4.21亿,19.62亿,52.25,94.38,7449手,0.37,--
0.95%,2500.00万,1.62%,1479手,891手,8.65,1017.18万,42.80亿,-47.77%,"
                        38.81",43.12,瑞特股份,42.70,4.95,43.40,43.40,10000.00万,10.70亿,47.43,37.57,2370手,0.85,--
1.70%,7600.00万,1.06%,7634手,5283手,3.94,1581.78万,37.21亿,-15.22%,"
                        11.02",12.24,雄塑科技,12.17,3.10,12.30,12.22,3.04亿,9.30亿,13.46,31.85,1.29万手,0.29,--
3.43%,2000.00万,2.31%,4445手,2410手,5.42,2048.96万,23.68亿,-7.42%,"
                        27.30",30.33,诚迈科技,29.60,5.46,30.30,30.01,8000.00万,5.92亿,33.36,74.81,6855手,0.30,--
13.51%,6000.00万,5.07%,4.58万手,3.52万手,2.99,1.71亿,49.66亿,67.80%,"
                        19.33",21.48,吉大通信,20.56,6.92,21.65,21.30,2.40亿,12.41亿,23.63,109.91,8.10万手,0.14,--
2.32%,4500.00万,2.49%,7700手,2758手,4.83,1960.49万,33.48亿,61.90%,"
                        17.02",18.91,利安隆,18.55,3.85,19.02,18.91,1.80亿,8.37亿,20.80,26.89,1.05万手,0.52,--
3.29%,3060.00万,3.97%,6666手,3410手,6.24,4913.35万,59.93亿,37.67%,"
                        45.14",50.16,欧普康视,48.00,7.73,49.99,49.99,1.24亿,14.75亿,55.18,39.86,1.01万手,0.92,--
2.63%,2889.00万,1.23%,4168手,3435手,4.77,1613.51万,24.52亿,-14.78%,"
                        19.05",21.17,新雷能,21.12,4.45,21.38,21.15,1.16亿,6.13亿,23.29,60.75,7603手,0.26,--
2.77%,3060.00万,1.05%,3890手,4597手,3.94,1459.62万,21.07亿,44.99%,"
                        15.50",17.22,华凯创意,17.13,4.37,17.31,17.13,1.22亿,5.27亿,18.94,44.02,8488手,0.29,--
3.17%,7800.00万,1.30%,1.61万手,8562手,1.41,2257.09万,28.49亿,49.47%,"
                        8.32",9.24,万里马,9.10,6.45,9.22,9.22,3.12亿,7.12亿,10.16,93.44,2.47万手,0.07,--
11.64%,4000.00万,3.52%,2.65万手,2.01万手,4.58,1.32亿,44.85亿,63.01%,"
                        26.10",29.00,移为通信,27.98,6.12,29.00,28.75,1.60亿,11.21亿,31.90,55.51,4.66万手,0.38,--
4.95%,2817.10万,2.15%,8366手,5571手,2.63,3329.02万,26.82亿,43.40%,"
                        21.80",24.22,江龙船艇,23.70,9.03,24.22,24.22,1.13亿,6.70亿,26.64,93.54,1.39万手,0.19,--
5.11%,2500.00万,3.14%,7353手,5424手,3.35,3816.89万,29.48亿,-5.51%,"
                        26.67",29.63,熙菱信息,29.45,8.80,30.38,29.52,10000.00万,7.37亿,32.59,62.35,1.28万手,0.35,--
4.03%,4170.02万,2.57%,8830手,7973手,7.89,3816.86万,23.75亿,19.37%,"
                        20.70",23.00,天铁股份,22.51,2.89,23.10,22.74,1.04亿,9.52亿,25.30,37.56,1.68万手,0.46,--
1.96%,2400.00万,1.45%,2484手,2230手,6.00,1203.62万,24.59亿,31.97%,"
                        22.95",25.50,美联新材,25.35,4.27,25.72,25.42,9600.00万,6.15亿,28.05,44.09,4714手,0.44,--
7.45%,8014.00万,4.40%,3.39万手,2.58万手,2.72,1.11亿,29.42亿,10.67%,"
                        17.37",19.30,奥联电子,18.30,6.77,19.15,18.97,1.60亿,14.74亿,21.23,47.89,5.97万手,0.29,--
1.32%,1987.47万,1.89%,1596手,1024手,6.23,858.68万,26.26亿,-81.31%,"
                        29.56",32.85,海辰药业,32.57,5.27,33.19,33.19,8000.00万,6.52亿,36.14,42.91,2620手,0.57,--
1.34%,2666.67万,1.39%,2349手,1216手,15.40,1434.84万,43.36亿,-14.55%,"
                        36.35",40.39,赛托生物,40.03,2.61,40.59,40.32,1.08亿,10.71亿,44.43,72.06,3565手,0.42,--
2.11%,1.21亿,2.19%,1.63万手,9213手,4.58,4583.48万,36.23亿,-14.54%,"
                        16.42",18.24,英飞特,17.80,3.91,18.20,18.20,2.03亿,21.65亿,20.06,90.22,2.56万手,0.15,--
1.80%,3140.00万,2.02%,2745手,2915手,5.89,1731.52万,27.80亿,40.97%,"
                        27.63",30.70,晨曦航空,30.27,5.22,30.89,30.70,9040.00万,9.66亿,33.77,92.46,5661手,0.25,--
--,5000.00万,--,--,--,6.06,--,43.48亿,--,"
                        19.57",21.74,贝斯特,--,3.59,--,--,2.00亿,10.87亿,23.91,33.22,--,0.49,--
2.58%,2874.10万,3.36%,3735手,3691手,6.35,3407.64万,36.40亿,36.65%,"
                        40.93",45.48,数字认证,45.35,7.16,46.88,45.42,8000.00万,13.08亿,50.03,57.90,7426手,0.59,--
1.03%,1800.00万,1.85%,790手,1059手,3.83,656.02万,26.10亿,-49.21%,"
                        32.04",35.60,会畅通讯,35.12,9.25,35.78,35.60,7376.10万,6.37亿,39.16,78.49,1850手,0.35,--
0.53%,3541.95万,1.88%,1177手,694手,3.69,1189.33万,76.41亿,-64.80%,"
                        57.49",63.88,开润股份,63.20,17.16,64.40,63.30,1.21亿,22.41亿,70.27,61.49,1871手,0.77,--
2.56%,3991.39万,1.59%,4817手,5388手,3.35,1706.91万,20.10亿,-5.63%,"
                        15.31",17.01,容大感光,16.61,5.00,16.88,16.77,1.20亿,6.69亿,18.71,48.44,1.02万手,0.26,--
0.89%,3439.10万,0.78%,1928手,1137手,13.22,1219.24万,29.15亿,-85.22%,"
                        35.86",39.84,中旗股份,39.65,3.01,39.96,39.81,7335.00万,13.67亿,43.82,27.49,3066手,1.08,--
0.63%,5272.35万,1.30%,2047手,1291手,6.91,819.26万,19.64亿,9.48%,"
                        22.19",24.66,兴齐眼药,24.43,3.55,24.75,24.68,8000.00万,12.94亿,27.13,35.19,3338手,0.52,--
0.92%,3088.58万,5.12%,1638手,1204手,8.20,1773.00万,42.15亿,-32.86%,"
                        56.98",63.31,安车检测,60.10,7.65,63.34,63.26,6725.40万,19.36亿,69.64,52.24,2842手,0.90,--
0.88%,4596.20万,1.67%,2372手,1689手,3.77,1915.37万,37.57亿,-18.00%,"
                        42.56",47.29,平治信息,46.66,12.45,47.45,46.89,8000.00万,21.58亿,52.02,45.90,4062手,0.77,--
6.12%,9486.95万,3.79%,3.48万手,2.32万手,4.75,1.23亿,48.23亿,-12.78%,"
                        19.23",21.37,太辰光,20.89,4.41,21.70,21.26,2.30亿,19.89亿,23.51,46.25,5.80万手,0.34,--
3.65%,8009.33万,2.88%,1.56万手,1.36万手,11.02,6813.06万,34.88亿,-31.40%,"
                        20.60",22.89,天能重工,22.89,2.11,23.55,22.89,1.50亿,18.62亿,25.18,37.31,2.92万手,0.47,--
1.80%,1.30亿,2.13%,1.25万手,1.09万手,6.53,6507.37万,53.82亿,-19.25%,"
                        25.34",28.16,星源材质,27.60,4.29,28.20,28.15,1.92亿,36.37亿,30.98,43.99,2.34万手,0.48,--
0.77%,4115.90万,1.95%,1848手,1306手,10.75,3873.55万,100.01亿,57.71%,"
                        110.07",122.30,精测电子,122.00,11.36,124.38,122.30,8190.70万,50.26亿,134.53,65.40,3155手,1.40,--
1.42%,7275.64万,3.10%,4062手,6252手,5.85,4006.06万,48.92亿,-18.69%,"
                        34.56",38.40,激智科技,38.31,6.72,39.50,38.31,1.24亿,28.62亿,42.24,81.27,1.03万手,0.36,--
3.36%,5459.20万,1.45%,9824手,8522手,4.55,4057.34万,35.31亿,-42.95%,"
                        19.93",22.14,科信技术,21.98,4.85,22.30,22.14,1.60亿,12.05亿,24.35,65.68,1.83万手,0.25,--
0.64%,3207.50万,1.19%,1366手,682手,5.51,634.56万,24.79亿,36.55%,"
                        27.89",30.99,神宇股份,30.86,5.63,31.23,30.86,8000.00万,9.94亿,34.09,57.01,2049手,0.41,--
9.28%,7865.22万,6.36%,4.27万手,3.03万手,2.60,1.75亿,44.20亿,67.06%,"
                        21.66",24.07,乐心医疗,23.36,8.99,24.89,23.80,1.89亿,18.41亿,26.48,--,7.30万手,-0.02,--
1.88%,3361.69万,2.78%,2580手,3726手,7.67,2112.01万,28.80亿,-33.06%,"
                        29.82",33.13,汇金科技,32.90,4.41,33.82,33.13,8516.00万,11.37亿,36.44,48.87,6306手,0.53,--
4.47%,4131.83万,3.11%,1.10万手,7474手,4.53,6420.53万,36.13亿,1.00%,"
                        31.53",35.03,中富通,34.30,7.58,35.39,35.24,1.05亿,14.19亿,38.53,83.93,1.85万手,0.31,--
0.30%,4012.47万,1.40%,698手,511手,8.49,468.46万,27.64亿,-13.33%,"
                        34.79",38.66,佳发安泰,38.47,4.54,39.01,38.66,7180.00万,15.45亿,42.53,52.29,1210手,0.55,--
0.95%,3349.27万,0.87%,2009手,1184手,8.20,1208.96万,21.05亿,42.86%,"
                        34.09",37.88,理工光科,37.75,4.61,38.08,37.93,5566.85万,12.66亿,41.67,140.09,3193手,0.20,--
4.66%,1300.00万,2.32%,2956手,3103手,8.24,3727.50万,31.84亿,78.24%,"
                        55.10",61.22,三超新材,60.71,7.44,62.13,61.06,5200.00万,7.96亿,67.34,58.39,6060手,0.79,--
0.57%,1513.74万,1.60%,397手,461手,6.62,348.39万,19.48亿,24.40%,"
                        36.57",40.63,集智股份,40.21,6.13,40.86,40.86,4800.00万,6.14亿,44.69,81.81,858手,0.37,--
1.77%,3976.20万,1.92%,3348手,3684手,6.97,1839.97万,28.46亿,3.19%,"
                        23.38",25.98,万集科技,25.80,3.77,26.30,26.07,1.08亿,10.45亿,28.58,175.59,7032手,0.11,--
0.74%,4327.50万,1.28%,1809手,1379手,6.91,844.83万,19.42亿,-17.31%,"
                        23.88",26.53,古鳌科技,26.40,3.83,26.74,26.50,7336.00万,11.45亿,29.18,--,3189手,-0.04,147.56
1.09%,2927.00万,2.67%,1616手,1585手,6.16,1015.03万,25.25亿,-13.67%,"
                        28.30",31.44,和仁科技,31.16,5.13,32.00,31.16,8000.00万,9.24亿,34.58,91.60,3201手,0.26,155.30
0.86%,6104.00万,1.73%,1784手,3472手,3.62,1126.80万,28.53亿,30.95%,"
                        19.22",21.35,优德精密,21.16,5.91,21.53,21.39,1.33亿,13.06亿,23.49,35.94,5257手,0.45,7.68
1.60%,3411.00万,1.58%,3350手,2094手,7.22,2676.53万,40.38亿,-26.87%,"
                        44.33",49.26,博创科技,48.82,6.77,49.60,49.28,8267.00万,16.66亿,54.19,51.86,5444手,0.71,61.75
0.79%,3129.11万,1.70%,1291手,1176手,10.67,1214.65万,30.15亿,-22.91%,"
                        44.06",48.95,川环科技,48.91,4.60,49.74,49.00,6135.42万,15.38亿,53.85,30.64,2467手,1.20,0.13
0.86%,7248.63万,1.40%,3854手,2385手,4.41,1331.11万,28.69亿,63.69%,"
                        19.35",21.50,雄帝科技,21.20,4.82,21.50,21.41,1.35亿,15.38亿,23.65,52.45,6239手,0.30,12.32
1.11%,2316.64万,3.52%,1679手,900手,7.23,1705.74万,46.95亿,-55.56%,"
                        60.12",66.80,联得装备,65.12,9.01,67.47,67.37,7206.61万,15.09亿,73.48,82.42,2579手,0.59,0.12
4.60%,4260.00万,1.94%,9867手,9737手,5.32,6195.59万,38.05亿,-0.95%,"
                        28.26",31.40,朗科智能,31.21,5.96,31.82,31.39,1.20亿,13.51亿,34.54,44.26,1.96万手,0.54,0.54
9.99%,3260.00万,7.22%,1.80万手,1.45万手,6.22,1.01亿,27.42亿,-39.89%,"
                        26.29",29.21,新晨科技,30.02,4.83,32.13,30.35,9119.15万,9.80亿,32.13,195.12,3.26万手,0.12,0.88
3.63%,5060.56万,6.47%,8863手,9516手,5.97,4643.40万,30.17亿,17.55%,"
                        21.83",24.26,先进数通,24.41,4.21,25.98,24.47,1.20亿,12.72亿,26.69,118.54,1.84万手,0.16,0.22
0.85%,4267.41万,1.52%,2323手,1314手,7.98,902.95万,19.79亿,9.46%,"
                        22.43",24.92,深冷股份,24.61,3.10,24.99,24.95,8000.00万,10.56亿,27.41,143.12,3638手,0.13,0.11
0.84%,6441.16万,0.99%,3053手,2375手,1.78,601.13万,23.20亿,-8.48%,"
                        9.97",11.08,横河模具,11.02,6.22,11.13,11.13,2.09亿,7.15亿,12.19,64.84,5429手,0.13,0.06
0.98%,1400.00万,0.88%,767手,598手,6.92,495.35万,20.46亿,8.82%,"
                        32.62",36.24,同益股份,36.10,5.24,36.42,36.22,5647.69万,5.07亿,39.86,141.45,1365手,0.19,0.05
0.85%,6916.26万,1.47%,3336手,2526手,6.29,915.25万,30.11亿,28.52%,"
                        14.08",15.65,广信材料,15.50,2.48,15.73,15.57,1.93亿,10.79亿,17.22,47.80,5862手,0.24,--
24.81%,6108.36万,8.65%,7.55万手,7.61万手,3.10,3.18亿,34.93亿,55.92%,"
                        18.32",20.35,农尚环境,20.09,6.73,21.85,20.11,1.68亿,12.73亿,22.39,64.13,15.15万手,0.24,1.43
1.77%,3172.46万,1.60%,2797手,2809手,10.93,2082.69万,22.28亿,11.85%,"
                        33.26",36.95,达威股份,36.81,3.41,37.40,37.07,5974.00万,11.83亿,40.65,39.84,5606手,0.70,0.31
2.17%,1.89亿,2.24%,1.74万手,2.36万手,2.33,4249.72万,31.43亿,-24.48%,"
                        9.23",10.26,陇神戎发,10.25,4.44,10.48,10.25,3.03亿,19.59亿,11.29,182.81,4.10万手,0.04,0.88
1.51%,3586.89万,1.99%,3446手,1968手,14.85,2770.13万,50.78亿,-8.77%,"
                        46.21",51.34,冰川网络,50.78,3.42,51.80,51.31,10000.00万,18.21亿,56.47,56.98,5415手,0.67,0.29
5.49%,6589.42万,5.89%,1.64万手,1.98万手,4.85,8978.77万,38.35亿,19.80%,"
                        21.40",23.78,今天国际,24.02,5.14,25.42,24.30,1.54亿,16.41亿,26.16,45.84,3.62万手,0.41,0.89
1.68%,1.22亿,3.00%,1.01万手,1.04万手,2.10,3301.71万,44.63亿,38.22%,"
                        14.40",16.00,优博讯,15.92,7.58,16.40,16.00,2.80亿,19.45亿,17.60,82.28,2.04万手,0.15,0.43
0.74%,2107.42万,0.79%,602手,947手,6.86,568.22万,25.75亿,-45.98%,"
                        32.99",36.65,达志科技,36.50,5.36,36.79,36.57,7000.00万,7.75亿,40.32,44.06,1549手,0.63,0.06
0.90%,1.06亿,2.06%,4789手,4751手,3.14,3069.36万,133.10亿,83.35%,"
                        29.20",32.45,健帆生物,31.95,10.18,32.62,32.45,4.17亿,33.78亿,35.70,49.07,9541手,0.49,0.27
1.81%,1.52亿,1.59%,1.34万手,1.40万手,5.05,3635.80万,49.37亿,-15.99%,"
                        11.88",13.20,幸福蓝海,13.11,2.62,13.32,13.11,3.73亿,20.12亿,14.52,53.75,2.74万手,0.18,0.21
0.53%,1.43亿,1.37%,4318手,3237手,3.91,1825.01万,116.94亿,-19.34%,"
                        21.68",24.09,华舟应急,23.95,6.16,24.28,24.00,4.86亿,34.51亿,26.50,67.86,7556手,0.27,0.08
3.43%,5981.48万,2.25%,1.26万手,7900手,3.03,3866.27万,32.44亿,55.11%,"
                        17.19",19.10,中潜股份,18.66,6.25,19.09,18.80,1.71亿,11.32亿,21.01,73.28,2.05万手,0.20,0.34
0.46%,4213.85万,1.10%,1323手,621手,6.04,815.97万,30.20亿,13.23%,"
                        37.51",41.68,博思软件,41.79,6.95,42.25,42.10,7203.20万,17.66亿,45.85,181.01,1945手,0.17,0.12
--,1.02亿,--,--,--,5.42,--,68.11亿,--,"
                        42.57",47.30,辰安科技,--,8.72,--,--,1.44亿,48.04亿,52.03,3170.86,--,0.01,--
1.57%,5207.72万,2.38%,3840手,4337手,4.86,1723.09万,25.29亿,-18.73%,"
                        18.95",21.05,世名科技,20.88,4.34,21.38,21.05,1.20亿,10.97亿,23.15,39.78,8178手,0.40,0.25
1.93%,9486.34万,3.26%,1.22万手,6101手,3.38,3095.91万,24.13亿,61.80%,"
                        15.47",17.19,爱司凯,16.68,4.96,17.24,17.14,1.44亿,15.90亿,18.91,62.39,1.83万手,0.20,0.94
3.36%,1.13亿,2.49%,1.96万手,1.82万手,2.54,1.04亿,55.26亿,66.58%,"
                        24.58",27.31,科大国创,27.10,10.76,27.78,27.27,2.02亿,30.75亿,30.04,--,3.78万手,-0.04,1.05
0.98%,9880.00万,3.18%,5451手,4269手,4.22,1935.66万,31.78亿,25.63%,"
                        17.84",19.82,新光药业,19.58,4.71,20.21,19.81,1.60亿,19.62亿,21.80,31.73,9720手,0.47,0.95
0.54%,4678.72万,1.04%,1385手,1119手,11.62,1299.36万,48.32亿,35.91%,"
                        46.90",52.11,盛讯达,51.68,4.46,52.22,52.00,9334.00万,24.22亿,57.32,70.51,2505手,0.55,0.18
0.88%,4091.88万,1.12%,2037手,1557手,5.90,702.42万,19.99亿,-16.18%,"
                        17.61",19.57,海波重科,19.46,3.31,19.68,19.48,1.02亿,7.99亿,21.53,69.81,3595手,0.21,0.15
0.70%,4710.00万,1.82%,1573手,1730手,9.59,1489.47万,54.28亿,-32.76%,"
                        40.49",44.99,久之洋,44.60,4.72,45.42,45.12,1.20亿,21.30亿,49.49,146.38,3303手,0.23,0.21
3.72%,9120.75万,3.81%,1.81万手,1.58万手,2.24,4165.46万,24.68亿,17.78%,"
                        11.33",12.59,三德科技,12.13,5.50,12.61,12.58,2.00亿,11.26亿,13.85,90.20,3.39万手,0.10,1.31
5.76%,2500.00万,3.36%,9372手,5016手,4.62,3985.41万,27.26亿,-16.20%,"
                        25.21",28.01,友讯达,27.25,5.91,28.19,28.00,10000.00万,6.82亿,30.81,43.24,1.44万手,0.47,--
0.24%,6095.02万,0.77%,837手,624手,4.42,495.89万,41.38亿,19.24%,"
                        30.51",33.90,恒泰实达,33.80,7.68,34.06,33.80,1.22亿,20.70亿,37.29,544.38,1462手,0.05,0.10
1.27%,7782.49万,2.06%,6747手,3168手,5.03,1768.80万,48.06亿,31.12%,"
                        16.19",17.99,中亚股份,17.70,3.54,18.07,18.07,2.70亿,13.85亿,19.79,25.77,9916手,0.52,0.08
1.04%,9969.33万,2.33%,5106手,5285手,5.88,2475.51万,54.85亿,-26.26%,"
                        21.26",23.62,雪榕生物,23.47,4.08,24.02,23.57,2.29亿,23.93亿,25.98,49.93,1.04万手,0.36,0.38
1.26%,7405.82万,1.83%,5318手,3994手,10.00,2472.72万,60.08亿,17.36%,"
                        24.11",26.79,金冠电气,26.40,2.65,26.89,26.73,2.26亿,19.66亿,29.47,62.65,9313手,0.32,0.17
3.16%,2630.00万,1.65%,4548手,3752手,7.22,2169.57万,20.92亿,19.40%,"
                        23.44",26.05,新美星,25.92,3.62,26.35,26.04,8000.00万,6.88亿,28.66,44.96,8300手,0.44,0.35
2.89%,1479.03万,2.07%,2488手,1780手,8.79,3122.44万,41.40亿,-50.00%,"
                        65.30",72.55,维宏股份,72.38,8.29,73.88,73.10,5682.00万,10.78亿,79.81,44.89,4268手,1.22,0.22
1.27%,5896.44万,1.91%,4951手,2561手,7.00,2040.23万,32.56亿,17.71%,"
                        24.55",27.28,苏奥传感,26.97,3.88,27.49,27.26,1.20亿,16.00亿,30.01,33.36,7513手,0.61,0.33
2.39%,1.32亿,3.69%,1.61万手,1.55万手,2.26,7333.96万,69.06亿,16.54%,"
                        20.71",23.01,名家汇,22.80,10.18,23.65,23.02,3.00亿,30.36亿,25.31,44.07,3.16万手,0.39,0.09
2.36%,3793.50万,1.52%,4841手,4104手,6.92,2817.81万,29.38亿,-3.00%,"
                        28.44",31.60,川金诺,31.32,4.55,31.80,31.70,9336.00万,11.94亿,34.76,56.62,8945手,0.42,0.11
1.11%,1.04亿,1.30%,6737手,4730手,2.85,1494.76万,33.00亿,19.67%,"
                        11.75",13.05,昊志机电,12.95,4.57,13.12,13.11,2.54亿,13.47亿,14.36,45.06,1.15万手,0.22,0.19
3.17%,1.25亿,3.08%,2.44万手,1.52万手,4.57,1.13亿,67.21亿,39.65%,"
                        25.97",28.86,新易盛,28.21,6.18,29.10,28.81,2.38亿,35.26亿,31.75,52.17,3.96万手,0.42,1.59
0.84%,2404.08万,1.13%,1135手,872手,8.82,717.03万,23.90亿,68.58%,"
                        31.94",35.49,海顺新材,35.49,4.03,35.89,35.52,6725.88万,8.54亿,39.04,37.92,2008手,0.70,0.16
17.61%,3439.20万,3.90%,3.23万手,2.83万手,6.01,2.41亿,48.75亿,79.53%,"
                        36.72",40.80,启迪设计,39.14,6.60,40.73,39.30,1.23亿,13.64亿,44.88,85.87,6.06万手,0.35,3.05
0.31%,6689.48万,1.45%,1081手,1001手,5.08,441.85万,25.51亿,22.03%,"
                        19.21",21.34,高澜股份,21.09,4.18,21.40,21.13,1.20亿,14.22亿,23.47,71.55,2082手,0.22,0.07
0.53%,35.46亿,4.18%,8.07万手,10.70万手,5.72,4.73亿,1326.49亿,-72.90%,"
                        22.16",24.62,温氏股份,24.50,4.44,25.53,24.60,52.20亿,900.92亿,27.08,24.63,18.77万手,0.77,5.60
2.71%,5897.64万,5.35%,8142手,7856手,7.99,5888.88万,41.25亿,-3.27%,"
                        32.62",36.24,富祥股份,35.30,4.60,37.24,36.24,1.12亿,21.66亿,39.86,22.19,1.60万手,1.24,0.76
2.33%,2.23亿,2.87%,2.87万手,2.32万手,3.10,1.72亿,132.07亿,-16.10%,"
                        29.83",33.14,中科创达,32.65,10.55,33.60,33.11,4.04亿,72.94亿,36.45,135.34,5.20万手,0.18,1.01
6.54%,8553.75万,3.90%,2.95万手,2.65万手,3.90,1.07亿,45.46亿,48.33%,"
                        17.06",18.96,盛天网络,18.79,4.86,19.53,18.81,2.40亿,16.20亿,20.86,53.79,5.60万手,0.26,1.69
2.27%,1.55亿,2.54%,2.22万手,1.29万手,1.64,4893.60万,41.76亿,-12.99%,"
                        12.74",14.16,润欣科技,13.81,8.49,14.17,14.08,3.00亿,21.51亿,15.58,71.82,3.51万手,0.15,2.11
--,2470.00万,--,--,--,3.61,--,38.26亿,--,"
                        41.38",45.98,山鼎设计,--,12.74,--,--,8320.00万,11.36亿,50.58,424.25,--,0.08,--
2.21%,5097.07万,1.84%,6917手,4338手,2.75,2055.29万,26.60亿,-25.00%,"
                        16.66",18.51,通合科技,18.16,6.64,18.50,18.50,1.46亿,9.30亿,20.36,--,1.13万手,-0.03,0.86
1.72%,9097.34万,3.66%,8964手,6721手,3.14,2238.03万,32.32亿,-9.44%,"
                        13.05",14.50,华自科技,14.08,4.50,14.61,14.61,2.29亿,12.86亿,15.95,94.66,1.57万手,0.13,0.44
1.36%,4833.00万,2.54%,4291手,2271手,5.14,1304.36万,18.13亿,35.72%,"
                        18.05",20.06,中飞股份,19.61,3.88,20.12,19.95,9075.00万,9.66亿,22.07,108.08,6562手,0.14,0.24
0.78%,2500.80万,1.77%,1099手,848手,8.41,615.49万,33.45亿,-33.33%,"
                        28.42",31.58,恒锋工具,31.36,3.78,31.92,31.53,1.05亿,7.95亿,34.74,33.07,1948手,0.72,0.11
1.92%,8460.39万,1.29%,8897手,7370手,3.93,2768.73万,34.41亿,14.15%,"
                        15.33",17.03,蓝晓科技,16.91,4.32,17.13,17.00,2.02亿,14.38亿,18.73,33.59,1.63万手,0.38,0.64
0.75%,8425.86万,1.48%,3665手,2680手,4.71,1325.59万,29.25亿,-33.80%,"
                        18.81",20.90,东杰智能,20.78,4.43,21.09,20.97,1.40亿,17.57亿,22.99,66.57,6346手,0.23,0.27
0.66%,8448.00万,1.57%,3193手,2356手,9.32,1619.11万,69.89亿,-23.87%,"
                        26.38",29.31,赛升药业,28.92,3.13,29.38,29.18,2.40亿,24.60亿,32.24,26.23,5550手,0.83,0.27
0.58%,9388.60万,1.60%,2946手,2531手,3.29,1192.13万,45.34亿,-48.49%,"
                        19.67",21.86,蓝海华腾,21.61,6.62,21.96,21.61,2.08亿,20.47亿,24.05,31.80,5478手,0.51,0.22
--,3236.30万,--,--,--,6.51,--,20.37亿,--,"
                        29.82",33.13,沃施股份,--,5.09,--,--,6150.00万,10.72亿,36.44,211.98,--,0.12,--
0.41%,1.06亿,2.06%,2458手,1874手,5.50,3065.59万,126.40亿,94.96%,"
                        63.74",70.82,万孚生物,69.75,12.91,71.21,70.81,1.78亿,75.32亿,77.90,61.92,4333手,0.87,0.32
1.39%,7294.00万,1.55%,6244手,3859手,3.08,2279.84万,36.23亿,-7.63%,"
                        20.37",22.63,濮阳惠成,22.45,7.29,22.80,22.50,1.61亿,16.38亿,24.89,49.13,1.01万手,0.35,0.13
1.49%,6435.10万,1.51%,6443手,3160手,3.31,1585.01万,31.86亿,-37.54%,"
                        14.93",16.59,光力科技,16.36,5.00,16.61,16.60,1.92亿,10.66亿,18.25,117.86,9603手,0.11,0.35
2.52%,8800.00万,1.98%,1.11万手,1.11万手,2.52,4736.78万,34.10亿,28.87%,"
                        19.08",21.20,神思电子,21.12,8.44,21.54,21.24,1.60亿,18.75亿,23.32,225.25,2.22万手,0.07,0.62
0.82%,2417.00万,2.18%,999手,975手,7.83,850.02万,28.67亿,8.42%,"
                        38.78",43.09,杭州高新,42.75,5.49,43.69,43.69,6667.00万,10.39亿,47.40,127.91,1975手,0.25,0.11
1.82%,1.21亿,2.90%,1.13万手,1.07万手,5.76,5171.94万,75.88亿,13.83%,"
                        21.11",23.45,合纵科技,23.10,4.07,23.78,23.50,3.23亿,28.38亿,25.80,79.76,2.20万手,0.22,0.78
2.87%,1.71亿,3.63%,1.94万手,2.96万手,6.10,1.19亿,103.74亿,-22.21%,"
                        21.30",23.67,胜宏科技,23.72,3.98,24.58,23.72,4.28亿,41.48亿,26.04,40.22,4.90万手,0.45,1.04
0.94%,7250.00万,1.73%,4009手,2823手,5.85,989.94万,29.00亿,-31.69%,"
                        12.99",14.43,聚隆科技,14.37,2.48,14.62,14.43,2.00亿,10.51亿,15.87,42.21,6833手,0.26,0.40
4.47%,6700.00万,2.78%,1.62万手,1.37万手,3.80,1.61亿,146.09亿,58.56%,"
                        49.28",54.76,景嘉微,53.03,14.21,54.55,53.79,2.70亿,36.20亿,60.24,116.67,3.00万手,0.35,0.60
0.78%,4632.65万,1.72%,1772手,1823手,15.02,1414.86万,41.14亿,-45.52%,"
                        35.50",39.44,德尔股份,39.11,2.61,39.79,39.35,1.05亿,18.16亿,43.38,33.79,3596手,0.87,0.23
3.34%,3325.50万,5.19%,6604手,4506手,3.89,3162.09万,27.99亿,-88.50%,"
                        26.55",29.50,新元科技,27.87,7.20,29.40,29.38,1.00亿,9.31亿,32.45,343.73,1.11万手,0.06,0.42
1.85%,2.19亿,2.65%,2.74万手,1.32万手,4.71,5104.77万,46.47亿,69.38%,"
                        11.55",12.83,厚普股份,12.46,2.66,12.80,12.80,3.71亿,27.48亿,14.11,53.58,4.05万手,0.18,4.11
1.05%,6309.95万,2.12%,3599手,3010手,8.87,2712.75万,44.17亿,52.30%,"
                        36.92",41.02,日机密封,40.58,4.67,41.45,40.58,1.07亿,26.12亿,45.12,42.36,6610手,0.73,0.59
0.86%,2860.45万,1.35%,1524手,930手,6.68,987.07万,27.43亿,52.63%,"
                        36.13",40.14,信息发展,39.90,6.01,40.44,40.35,6830.00万,11.49亿,44.15,1233.89,2454手,0.02,0.22
12.87%,6685.84万,1.17%,8.00万手,6040手,8.65,3.88亿,48.63亿,100.00%,"
                        36.88",40.98,四方精创,44.60,5.21,45.08,45.08,1.08亿,30.14亿,45.08,67.55,8.61万手,0.51,4.56
1.54%,9964.84万,2.28%,8485手,6863手,3.51,6939.18万,102.63亿,-43.40%,"
                        41.11",45.68,迅游科技,44.75,12.91,45.79,45.68,2.27亿,45.13亿,50.25,152.63,1.53万手,0.30,0.71
4.61%,1.78亿,4.39%,3.89万手,4.32万手,2.52,9276.15万,62.24亿,-25.93%,"
                        10.04",11.15,赛摩电气,11.09,4.46,11.58,11.20,5.53亿,20.07亿,12.26,209.12,8.22万手,0.04,0.83
5.26%,2.69亿,7.36%,7.78万手,6.37万手,2.35,1.39亿,42.87亿,40.81%,"
                        8.43",9.37,高伟达,9.50,4.05,10.19,9.92,4.50亿,25.63亿,10.31,283.32,14.16万手,0.03,0.74
1.42%,9196.66万,2.20%,8922手,4172手,2.50,1411.13万,22.26亿,-0.22%,"
                        9.80",10.89,星徽精密,10.68,4.28,10.92,10.90,2.08亿,9.84亿,11.98,81.22,1.31万手,0.10,0.26
1.14%,2.98亿,0.94%,2.09万手,1.32万手,4.39,7993.79万,130.63亿,79.48%,"
                        21.16",23.51,迈克生物,23.35,5.34,23.57,23.51,5.58亿,69.76亿,25.86,32.85,3.41万手,0.53,0.79
2.07%,5603.78万,2.42%,7902手,3681手,4.13,2748.07万,32.37亿,-59.75%,"
                        21.57",23.97,华铭智能,23.50,5.69,24.08,24.05,1.38亿,13.17亿,26.37,93.02,1.16万手,0.19,0.46
2.20%,2357.50万,4.05%,2380手,2815手,4.78,3241.80万,43.98亿,-28.57%,"
                        55.17",61.30,田中精机,60.50,13.05,62.98,60.50,7054.38万,14.70亿,67.43,142.48,5195手,0.33,0.84
2.31%,9583.87万,5.63%,9575手,1.25万手,3.99,3028.22万,23.47亿,-8.24%,"
                        11.98",13.31,惠伦晶体,13.21,3.49,13.96,13.30,1.68亿,13.37亿,14.64,151.29,2.21万手,0.07,0.98
0.86%,5.22亿,2.31%,3.23万手,1.26万手,3.24,5024.55万,219.20亿,56.87%,"
                        10.14",11.27,金科文化,11.09,3.43,11.35,11.25,19.71亿,58.09亿,12.40,55.97,4.49万手,0.19,0.05
4.66%,1.51亿,4.74%,4.35万手,2.69万手,6.03,1.98亿,91.82亿,16.33%,"
                        25.82",28.69,全志科技,27.52,4.58,28.88,28.50,3.33亿,41.72亿,31.56,1234.61,7.05万手,0.02,2.39
1.68%,1.40亿,2.95%,1.44万手,9065手,3.78,6377.05万,84.74亿,-10.15%,"
                        24.42",27.13,赢合科技,26.80,7.12,27.60,27.18,3.15亿,37.67亿,29.84,45.24,2.35万手,0.45,1.39
1.61%,7228.54万,2.12%,6940手,4684手,7.42,5427.19万,87.34亿,15.09%,"
                        42.12",46.80,耐威科技,46.31,6.27,47.30,46.50,1.88亿,33.61亿,51.48,248.73,1.16万手,0.14,1.58
--,1.27亿,--,--,--,1.72,--,44.06亿,--,"
                        10.12",11.24,康拓红外,--,6.55,--,--,3.92亿,14.27亿,12.36,79.30,--,0.11,--
0.43%,7115.28万,1.20%,1800手,1272手,3.58,511.06万,26.38亿,20.88%,"
                        14.99",16.65,三鑫医疗,16.58,4.64,16.78,16.65,1.59亿,11.83亿,18.32,62.11,3073手,0.20,0.12
2.75%,4216.71万,3.01%,6590手,4986手,4.74,3442.02万,27.74亿,22.15%,"
                        26.93",29.92,山河药辅,29.31,6.31,30.21,30.21,9280.00万,12.60亿,32.91,61.02,1.16万手,0.37,2.20
1.57%,1.29亿,2.16%,1.03万手,1.00万手,7.86,4810.61万,57.34亿,-13.16%,"
                        21.20",23.56,创业软件,23.44,3.00,23.95,23.44,2.43亿,30.46亿,25.92,63.81,2.03万手,0.28,0.56
1.77%,1.69亿,3.19%,1.33万手,1.66万手,5.87,1.89亿,275.00亿,-65.62%,"
                        56.69",62.99,先导智能,62.35,10.64,64.36,63.00,4.40亿,105.58亿,69.29,74.03,2.99万手,0.65,0.28
0.71%,9149.93万,1.36%,4173手,2339手,7.41,1300.19万,30.93亿,47.35%,"
                        17.92",19.91,汉邦高科,19.81,2.69,20.08,19.81,1.55亿,18.20亿,21.90,1459.95,6513手,0.01,0.64
0.47%,8105.71万,2.13%,1245手,2545手,4.70,840.89万,48.59亿,-80.53%,"
                        19.83",22.03,浩云科技,21.89,4.73,22.36,21.95,2.18亿,18.04亿,24.23,247.69,3791手,0.07,0.13
0.79%,9437.07万,1.35%,4701手,2741手,4.08,1421.50万,59.71亿,34.57%,"
                        17.35",19.28,全信股份,19.02,4.67,19.28,19.23,3.13亿,18.01亿,21.21,36.35,7442手,0.41,0.20
0.95%,7575.25万,1.63%,5117手,2110手,4.31,1636.67万,27.73亿,46.40%,"
                        20.47",22.74,乐凯新材,22.53,5.24,22.90,22.90,1.23亿,17.10亿,25.01,30.39,7227手,0.56,0.52
3.76%,4151.63万,1.47%,1.04万手,5225手,2.65,2524.39万,26.82亿,-12.57%,"
                        14.72",16.35,康斯特,16.08,6.11,16.32,16.08,1.66亿,6.72亿,17.98,60.68,1.56万手,0.20,0.66
--,1.14亿,--,--,--,3.66,--,55.34亿,--,"
                        15.30",17.00,双杰电气,--,4.65,--,--,3.26亿,19.39亿,18.70,135.38,--,0.09,--
1.13%,1.28亿,2.06%,6717手,7737手,6.71,2407.04万,39.78亿,-26.78%,"
                        14.89",16.54,金雷风电,16.46,2.49,16.80,16.48,2.38亿,21.33亿,18.19,23.50,1.45万手,0.53,1.23
0.69%,5808.81万,0.74%,1939手,2074手,9.69,864.59万,21.56亿,12.77%,"
                        19.36",21.51,普丽盛,21.46,2.23,21.62,21.51,10000.00万,12.52亿,23.66,1438.45,4013手,0.01,0.41
--,9136.27万,--,--,--,3.90,--,88.50亿,--,"
                        21.64",24.05,鲍斯股份,--,6.17,--,--,3.68亿,21.97亿,26.45,57.22,--,0.32,--
2.90%,2.02亿,5.27%,2.57万手,3.30万手,2.75,6078.87万,47.47亿,-13.87%,"
                        9.05",10.05,运达科技,10.02,3.78,10.55,10.05,4.56亿,21.07亿,11.06,37.11,5.87万手,0.21,1.85
0.72%,1.10亿,1.13%,5222手,2689手,4.63,1526.74万,66.82亿,-14.20%,"
                        17.48",19.42,美康生物,19.20,4.16,19.42,19.41,3.47亿,21.26亿,21.36,31.44,7912手,0.46,0.63
1.47%,1.25亿,1.88%,9951手,8472手,7.00,5682.63万,86.65亿,-15.64%,"
                        27.77",30.86,鹏辉能源,30.61,4.40,31.19,30.78,2.81亿,38.56亿,33.95,33.61,1.84万手,0.69,0.77
1.61%,9870.70万,2.75%,6870手,9033手,5.09,2508.30万,34.76亿,-52.94%,"
                        14.08",15.64,清水源,15.55,3.13,15.98,15.59,2.18亿,15.71亿,17.20,61.42,1.59万手,0.19,0.39
1.70%,5580.12万,3.11%,5227手,4248手,3.90,2952.17万,44.07亿,14.88%,"
                        28.39",31.55,广生堂,30.82,7.97,31.80,31.03,1.42亿,17.34亿,34.70,112.32,9476手,0.21,0.86
1.04%,8384.27万,2.68%,4816手,3943手,2.99,1402.23万,39.87亿,36.27%,"
                        14.46",16.07,中泰股份,15.87,5.35,16.30,16.07,2.49亿,13.41亿,17.68,60.89,8759手,0.20,0.31
0.30%,5579.74万,1.20%,497手,1184手,10.50,406.97万,54.17亿,-9.03%,"
                        21.72",24.13,金石东方,24.01,2.31,24.30,24.13,2.23亿,13.54亿,26.54,131.13,1681手,0.14,0.02
1.58%,4.43亿,2.31%,3.78万手,3.22万手,5.61,2.17亿,805.54亿,-29.74%,"
                        28.04",31.15,蓝思科技,30.58,5.47,31.30,31.00,26.29亿,135.73亿,34.27,67.65,7.00万手,0.34,1.21
0.85%,1.70亿,1.92%,8299手,6138手,7.15,2621.33万,91.95亿,27.69%,"
                        16.43",18.25,富临精工,18.02,2.52,18.37,18.20,5.10亿,30.69亿,20.07,21.87,1.44万手,0.62,0.22
12.22%,2.34亿,6.39%,15.95万手,12.68万手,2.73,6.94亿,78.08亿,18.72%,"
                        20.41",22.68,暴风集团,23.50,8.63,24.95,24.41,3.32亿,55.09亿,24.95,289.30,28.63万手,0.06,2.60
0.77%,6611.46万,1.71%,2712手,2396手,13.09,1041.65万,37.08亿,-62.19%,"
                        18.43",20.48,诚益通,20.17,1.56,20.52,20.39,1.81亿,13.52亿,22.53,67.53,5109手,0.36,0.55
3.04%,1.00亿,2.89%,1.25万手,1.81万手,4.05,7446.95万,62.16亿,-70.67%,"
                        21.51",23.90,强力新材,23.88,5.96,24.57,23.88,2.57亿,24.26亿,26.29,43.82,3.06万手,0.41,0.87
6.15%,6240.00万,2.34%,2.53万手,1.31万手,2.81,7769.92万,48.50亿,-41.17%,"
                        18.42",20.47,四通新材,20.00,7.12,20.48,20.39,2.42亿,12.49亿,22.52,51.42,3.84万手,0.29,0.20
2.99%,9960.22万,3.77%,1.29万手,1.69万手,5.09,4475.21万,53.28亿,18.03%,"
                        13.37",14.86,红相电力,14.72,2.97,15.28,14.85,3.53亿,15.05亿,16.35,161.02,2.98万手,0.07,0.43
0.82%,1.50亿,1.82%,5352手,6956手,2.84,2432.68万,79.08亿,-14.51%,"
                        17.81",19.79,唐德影视,19.61,6.95,19.97,19.78,4.00亿,29.71亿,21.77,48.67,1.23万手,0.30,0.14
3.34%,1.49亿,3.43%,3.04万手,1.93万手,3.81,5434.88万,40.75亿,47.19%,"
                        9.98",11.09,环能科技,10.80,2.85,11.18,11.14,3.75亿,16.15亿,12.20,61.27,4.97万手,0.13,1.74
--,1.24亿,--,--,--,3.70,--,56.23亿,--,"
                        21.09",23.43,航新科技,--,6.33,--,--,2.40亿,29.04亿,25.77,103.30,--,0.17,--
0.51%,4542.93万,2.07%,1166手,1172手,4.26,608.45万,28.76亿,3.02%,"
                        23.47",26.08,鲁亿通,25.75,6.09,26.29,25.90,1.11亿,11.78亿,28.69,132.33,2338手,0.15,0.03
2.55%,2.07亿,2.12%,3.39万手,1.90万手,3.02,9083.46万,61.10亿,40.97%,"
                        15.72",17.47,博世科,17.07,5.68,17.44,17.44,3.56亿,35.54亿,19.22,55.39,5.29万手,0.23,0.96
0.54%,6055.47万,1.15%,1742手,1498手,9.06,646.75万,26.74亿,1.08%,"
                        18.01",20.01,力星股份,19.82,2.21,20.05,19.85,1.34亿,12.12亿,22.01,38.64,3241手,0.40,0.12
1.68%,1.83亿,1.93%,1.88万手,1.20万手,2.44,2219.97万,36.80亿,28.84%,"
                        6.54",7.27,五洋科技,7.13,2.96,7.27,7.22,5.11亿,13.18亿,8.00,43.64,3.08万手,0.13,1.21
1.11%,2.05亿,1.54%,1.36万手,9221手,4.03,2226.09万,35.64亿,4.20%,"
                        8.76",9.73,浩丰科技,9.69,2.40,9.84,9.73,3.68亿,19.86亿,10.70,61.36,2.28万手,0.12,0.67
1.85%,4.51亿,2.13%,4.13万手,4.21万手,3.57,1.81亿,248.69亿,-12.41%,"
                        19.47",21.63,昆仑万维,21.52,6.04,21.98,21.57,11.52亿,97.43亿,23.79,32.38,8.34万手,0.50,0.98
1.21%,2778.82万,1.07%,2071手,1285手,4.82,784.57万,19.10亿,2.27%,"
                        20.97",23.30,南华仪器,23.25,4.85,23.50,23.39,8160.00万,6.51亿,25.63,54.22,3356手,0.32,0.32
0.59%,6392.00万,2.31%,2647手,1100手,4.05,911.01万,30.55亿,19.47%,"
                        22.23",24.70,苏试试验,24.13,6.00,24.70,24.70,1.26亿,15.55亿,27.17,60.71,3747手,0.30,0.31
1.43%,2.86亿,3.48%,2.49万手,1.61万手,2.32,7141.56万,74.91亿,3.81%,"
                        16.05",17.83,伊之密,17.28,7.48,17.90,17.83,4.32亿,49.63亿,19.61,27.41,4.10万手,0.47,0.97
1.18%,8363.37万,3.34%,6454手,3391手,4.66,2160.18万,37.22亿,68.03%,"
                        19.94",22.16,中光防雷,21.75,4.67,22.49,22.12,1.71亿,18.22亿,24.38,90.58,9846手,0.18,0.77
3.30%,1.99亿,4.21%,3.36万手,3.20万手,4.07,2.10亿,127.76亿,52.17%,"
                        28.40",31.56,快乐购,31.20,7.83,32.53,31.56,4.01亿,63.30亿,34.72,334.23,6.56万手,0.07,0.49
1.11%,2.53亿,8.93%,1.22万手,1.60万手,2.90,3052.52万,28.88亿,-2.36%,"
                        9.38",10.42,迦南科技,10.37,3.83,11.30,10.49,2.60亿,28.09亿,11.46,49.36,2.82万手,0.17,2.26
0.66%,7181.39万,0.90%,1267手,3444手,3.80,1667.41万,93.50亿,-69.16%,"
                        31.94",35.49,金盾股份,35.16,9.33,35.48,35.45,2.64亿,25.48亿,39.04,200.10,4711手,0.22,0.21
0.59%,1.74亿,2.32%,6209手,4002手,9.84,3561.48万,68.99亿,-21.51%,"
                        31.83",35.37,正业科技,34.55,3.56,35.37,35.37,1.97亿,60.95亿,38.91,36.29,1.02万手,0.72,0.23
6.98%,1.31亿,5.29%,4.32万手,4.85万手,5.86,5.15亿,121.88亿,-57.42%,"
                        49.65",55.17,道氏技术,54.57,9.67,57.49,57.00,2.15亿,74.43亿,60.69,82.33,9.17万手,0.52,4.05
2.07%,16.42亿,6.52%,14.50万手,19.43万手,3.19,7.30亿,380.61亿,-72.80%,"
                        18.65",20.72,三环集团,20.60,6.85,21.95,20.72,17.41亿,359.05亿,22.79,40.81,33.93万手,0.40,2.41
18.98%,1.52亿,7.50%,11.79万手,17.08万手,3.54,3.89亿,37.47亿,73.35%,"
                        11.65",12.94,凯发电气,13.10,3.84,14.07,13.40,2.76亿,20.69亿,14.23,46.64,28.87万手,0.22,17.84
0.59%,3.16亿,2.54%,1.31万手,5373手,2.86,2809.68万,75.83亿,71.11%,"
                        13.80",15.33,九强生物,15.10,5.28,15.49,15.33,5.02亿,47.73亿,16.86,31.28,1.85万手,0.36,0.64
0.56%,9967.54万,1.50%,3576手,2044手,8.06,933.84万,19.50亿,34.87%,"
                        15.03",16.70,科隆股份,16.50,2.06,16.75,16.71,1.17亿,16.58亿,18.37,82.16,5621手,0.15,0.39
3.59%,6491.53万,5.11%,1.10万手,1.24万手,3.29,4860.49万,28.60亿,17.60%,"
                        18.48",20.53,博济医药,20.31,6.48,21.36,20.57,1.34亿,13.83亿,22.58,--,2.33万手,-0.02,1.61
0.62%,2.17亿,1.50%,6505手,7047手,4.31,2059.75万,50.85亿,-49.03%,"
                        13.81",15.34,地尔汉宇,15.14,3.52,15.37,15.21,3.35亿,32.92亿,16.87,28.45,1.36万手,0.40,0.66
1.19%,8630.00万,1.93%,6593手,3655手,2.92,1323.39万,26.06亿,21.12%,"
                        11.66",12.96,宝色股份,12.82,4.41,13.07,13.05,2.02亿,11.13亿,14.26,--,1.02万手,-0.02,0.16
0.76%,1.81亿,1.55%,6127手,7736手,4.67,6332.89万,83.26亿,81.28%,"
                        41.18",45.75,花园生物,45.27,9.83,45.98,45.74,1.81亿,83.26亿,50.33,60.54,1.39万手,0.57,0.40
0.92%,1.56亿,2.05%,8816手,5574手,1.94,1973.48万,32.86亿,69.02%,"
                        12.28",13.65,劲拓股份,13.59,7.06,13.87,13.62,2.40亿,21.33亿,15.02,48.19,1.44万手,0.21,0.79
0.94%,9043.42万,2.51%,4570手,3936手,2.84,1725.16万,30.67亿,8.46%,"
                        18.27",20.30,京天利,20.08,7.11,20.59,20.42,1.52亿,18.25亿,22.33,810.66,8507手,0.02,0.40
0.80%,3.64亿,2.53%,1.71万手,1.21万手,2.26,6145.59万,89.74亿,-16.61%,"
                        18.89",20.99,飞凯材料,20.76,9.31,21.29,20.92,4.27亿,76.55亿,23.09,136.44,2.92万手,0.14,1.90
1.40%,2.36亿,2.24%,1.82万手,1.48万手,4.93,6496.77万,47.45亿,-0.93%,"
                        17.70",19.67,天和防务,19.44,4.01,19.88,19.67,2.40亿,46.74亿,21.64,125.36,3.30万手,0.12,1.38
1.80%,1.35亿,3.12%,1.41万手,1.02万手,7.82,1.11亿,70.05亿,51.40%,"
                        41.60",46.22,迪瑞医疗,44.96,5.84,46.40,46.20,1.53亿,61.69亿,50.84,38.92,2.43万手,0.88,2.49
0.49%,2.66亿,3.09%,7820手,5246手,2.90,2231.67万,51.08亿,35.46%,"
                        15.43",17.15,菲利华,16.88,5.89,17.41,17.10,2.99亿,45.45亿,18.86,49.15,1.31万手,0.26,0.62
1.35%,7105.34万,2.13%,5697手,3871手,4.21,2225.09万,42.99亿,-21.91%,"
                        20.74",23.05,天孚通信,23.03,5.50,23.52,23.05,1.86亿,16.43亿,25.36,38.26,9568手,0.45,0.43
0.74%,1.08亿,1.77%,4883手,3163手,6.46,2892.47万,87.00亿,-8.83%,"
                        32.57",36.19,中来股份,35.62,5.57,36.26,36.19,2.42亿,38.88亿,39.81,31.38,8047手,1.13,0.50
--,1.64亿,--,--,--,1.64,--,57.33亿,--,"
                        13.44",14.93,腾信股份,--,9.11,--,--,3.84亿,24.50亿,16.42,236.93,--,0.05,--
1.90%,6167.50万,2.50%,5164手,6559手,4.65,1626.02万,27.63亿,-61.56%,"
                        12.25",13.61,康跃科技,13.66,2.99,14.00,13.67,1.98亿,8.60亿,14.97,38.66,1.17万手,0.27,0.12
0.92%,1.85亿,1.31%,7790手,9273手,2.39,1175.40万,23.77亿,35.11%,"
                        6.19",6.88,天华超净,6.84,2.89,6.93,6.88,3.45亿,12.79亿,7.57,78.48,1.71万手,0.07,0.41
0.57%,1.40亿,1.67%,3146手,4797手,3.12,957.98万,38.64亿,7.96%,"
                        10.75",11.95,艾比森,11.94,3.87,12.14,11.95,3.20亿,16.96亿,13.15,52.17,7943手,0.17,0.73
1.08%,2.99亿,2.22%,1.87万手,1.36万手,5.55,7520.22万,71.22亿,58.68%,"
                        21.05",23.39,国祯环保,23.10,4.20,23.62,23.39,3.06亿,69.64亿,25.73,53.29,3.22万手,0.33,0.40
0.56%,1.24亿,1.16%,3733手,3181手,6.13,1131.35万,20.48亿,-26.62%,"
                        14.74",16.38,富邦股份,16.26,2.67,16.45,16.38,1.25亿,20.29亿,18.02,25.20,6915手,0.49,0.40
8.93%,2.25亿,5.51%,13.11万手,6.97万手,3.79,3.49亿,70.77亿,-30.17%,"
                        14.53",16.14,飞天诚信,16.86,4.47,17.75,17.52,4.18亿,38.08亿,17.75,98.48,20.08万手,0.13,3.12
0.96%,6367.03万,1.27%,3612手,2499手,6.71,1538.21万,32.65亿,7.87%,"
                        22.64",25.16,雪浪环境,25.04,3.74,25.36,25.16,1.30亿,15.97亿,27.68,55.02,6111手,0.37,0.38
0.47%,7101.15万,0.96%,2165手,1141手,9.47,962.65万,48.71亿,3.53%,"
                        26.21",29.12,三联虹普,29.00,3.07,29.28,29.21,1.67亿,20.66亿,32.03,49.41,3306手,0.44,0.18
--,13.65亿,--,--,--,4.36,--,190.77亿,--,"
                        11.87",13.19,光环新网,--,3.02,--,--,14.46亿,180.05亿,14.51,44.01,--,0.22,--
1.96%,1.61亿,2.13%,7324手,2.42万手,3.10,4717.71万,47.22亿,-85.43%,"
                        13.53",15.03,斯莱克,14.83,4.86,15.15,15.03,3.13亿,24.24亿,16.53,61.34,3.15万手,0.18,2.36
0.47%,1.65亿,1.91%,4644手,3182手,4.72,1023.28万,53.33亿,32.06%,"
                        11.81",13.12,溢多利,12.96,2.78,13.21,13.06,4.07亿,21.61亿,14.43,92.18,7826手,0.11,0.04
1.42%,6737.61万,1.31%,4988手,4580手,2.86,2055.07万,29.49亿,-6.43%,"
                        19.17",21.30,安硕信息,21.33,7.51,21.61,21.33,1.37亿,14.46亿,23.43,1315.61,9569手,0.01,0.29
1.52%,1.88亿,2.49%,1.56万手,1.30万手,6.47,3704.10万,35.71亿,50.71%,"
                        11.57",12.86,东方通,12.84,1.99,13.16,12.87,2.77亿,24.17亿,14.15,70.42,2.86万手,0.14,1.18
0.69%,2.61亿,1.55%,9729手,8152手,4.54,2668.80万,39.39亿,-11.85%,"
                        13.37",14.85,鼎捷软件,14.81,3.28,15.04,14.85,2.65亿,38.83亿,16.34,56.06,1.79万手,0.20,0.67
7.25%,5.10亿,7.04%,17.96万手,19.01万手,3.47,4.80亿,93.91亿,-10.50%,"
                        11.12",12.36,赢时胜,12.61,3.64,13.48,13.06,7.42亿,64.48亿,13.60,84.40,36.97万手,0.11,5.94
0.72%,22.98亿,2.42%,7.53万手,9.05万手,1.78,1.25亿,176.07亿,-22.59%,"
                        6.70",7.45,易事特,7.45,4.24,7.63,7.46,23.29亿,173.75亿,8.20,25.18,16.58万手,0.23,7.27
5.14%,1.34亿,2.44%,3.25万手,3.63万手,7.12,1.30亿,38.32亿,61.70%,"
                        16.99",18.88,鹏翎股份,18.62,2.67,19.08,18.80,2.02亿,25.45亿,20.77,33.04,6.88万手,0.47,2.53
3.33%,1.69亿,4.43%,2.96万手,2.64万手,4.34,9432.49万,41.39亿,-44.22%,"
                        15.24",16.93,恒通科技,16.53,3.88,17.28,16.55,2.46亿,28.38亿,18.62,69.65,5.61万手,0.23,1.97
3.15%,2.33亿,3.56%,4.45万手,2.89万手,4.61,2.11亿,134.85亿,75.65%,"
                        26.54",29.49,扬杰科技,28.35,6.19,29.40,29.25,4.72亿,66.44亿,32.44,49.48,7.34万手,0.43,2.24
5.53%,9873.09万,6.49%,2.68万手,2.78万手,3.05,827.92万,2.54亿,-4.37%,"
                        1.39",1.54,欣泰退,1.46,0.49,1.56,1.55,1.72亿,1.46亿,1.69,--,5.46万手,-0.04,0.40
2.84%,5609.95万,3.51%,9743手,6186手,4.76,3155.41万,23.59亿,49.81%,"
                        18.21",20.23,汇中股份,19.58,4.13,20.29,19.96,1.20亿,11.03亿,22.25,51.31,1.59万手,0.29,1.44
1.27%,6.69亿,3.32%,4.24万手,4.26万手,1.34,3326.29万,37.39亿,-9.37%,"
                        3.52",3.91,安控科技,3.86,2.92,3.99,3.92,9.59亿,26.08亿,4.30,132.92,8.50万手,0.02,1.58
0.77%,5.08亿,2.37%,2.41万手,1.52万手,3.28,3647.97万,74.22亿,45.71%,"
                        8.36",9.29,绿盟科技,9.21,2.82,9.43,9.31,8.04亿,46.92亿,10.22,--,3.93万手,-0.07,1.20
2.01%,2.61亿,4.09%,2.89万手,2.35万手,1.94,4681.14万,48.32亿,-37.17%,"
                        7.93",8.81,汇金股份,8.78,4.54,9.14,8.98,5.50亿,22.89亿,9.69,--,5.24万手,-0.03,0.27
1.39%,5.49亿,2.13%,4.46万手,3.18万手,3.92,1.15亿,127.41亿,4.39%,"
                        13.54",15.04,东方网力,14.87,3.80,15.19,15.15,8.55亿,81.79亿,16.54,58.12,7.64万手,0.19,1.19
1.03%,2.59亿,3.94%,1.41万手,1.27万手,5.44,3195.87万,63.65亿,13.78%,"
                        10.75",11.94,创意信息,11.81,2.22,12.28,11.89,5.26亿,31.35亿,13.13,61.44,2.67万手,0.15,1.01
1.43%,1.03亿,2.18%,9498手,5266手,7.18,4505.04万,59.89亿,61.36%,"
                        27.72",30.80,恒华科技,30.29,4.23,30.96,30.95,1.97亿,31.34亿,33.88,62.77,1.48万手,0.36,1.17
6.54%,4.51亿,4.66%,14.77万手,14.74万手,3.66,2.89亿,68.96亿,-39.45%,"
                        8.31",9.23,中文在线,9.61,2.65,10.04,10.00,7.12亿,43.72亿,10.15,139.11,29.52万手,0.05,13.80
0.62%,3.08亿,1.35%,9173手,9970手,3.16,2571.14万,57.12亿,-3.67%,"
                        12.04",13.38,博腾股份,13.36,4.25,13.54,13.38,4.25亿,41.40亿,14.72,60.35,1.91万手,0.17,0.99
6.85%,1.91亿,7.04%,8.42万手,4.64万手,4.20,1.84亿,62.10亿,100.00%,"
                        11.63",12.92,天翔环境,13.30,3.38,14.21,13.50,4.37亿,27.07亿,14.21,55.39,13.06万手,0.19,1.13
--,--,--,--,--,--,--,--,--,"
                        --",--,奥赛康,--,--,--,--,--,--,--,--,--,--,--
1.66%,2.70亿,2.09%,2.97万手,1.50万手,3.78,4860.42万,44.36亿,48.75%,"
                        9.93",11.03,炬华科技,10.82,2.86,11.05,10.95,4.10亿,29.22亿,12.13,27.74,4.47万手,0.33,2.47
1.36%,3.92亿,1.83%,3.17万手,2.16万手,3.16,5240.91万,62.24亿,11.61%,"
                        8.86",9.84,全通教育,9.78,3.11,9.96,9.86,6.34亿,38.48亿,10.82,--,5.32万手,0.00,0.67
0.57%,1.49亿,2.31%,6021手,2504手,3.97,1025.68万,57.67亿,-10.89%,"
                        10.93",12.14,楚天科技,11.97,3.02,12.25,12.21,4.80亿,17.88亿,13.35,41.02,8525手,0.24,0.42
0.72%,1.41亿,1.27%,6294手,3809手,4.73,4950.54万,79.30亿,90.67%,"
                        44.51",49.45,我武生物,48.77,10.38,49.40,49.40,1.62亿,69.16亿,54.40,40.05,1.01万手,0.92,0.92
--,3.08亿,--,--,--,3.42,--,29.00亿,--,"
                        6.29",6.99,光一科技,--,2.04,--,--,4.15亿,21.56亿,7.69,169.22,--,0.03,--
4.43%,11.58亿,2.34%,26.15万手,25.14万手,2.17,6.81亿,211.28亿,37.60%,"
                        11.94",13.27,蒙草生态,13.15,6.08,13.46,13.20,16.04亿,152.57亿,14.60,22.07,51.29万手,0.45,0.93
1.49%,7256.38万,1.25%,6162手,4645手,2.50,1386.59万,17.79亿,-57.97%,"
                        11.51",12.79,东华测试,12.74,5.15,12.90,12.78,1.38亿,9.33亿,14.07,969.68,1.08万手,0.01,0.61
0.69%,3.28亿,2.00%,1.34万手,9337手,4.19,3087.53万,69.79亿,43.82%,"
                        12.18",13.53,东土科技,13.45,3.22,13.72,13.47,5.17亿,44.25亿,14.88,69.64,2.27万手,0.15,0.12
0.89%,10.44亿,1.46%,5.96万手,3.35万手,1.48,3801.67万,59.15亿,-19.18%,"
                        3.69",4.10,北信源,4.06,2.76,4.12,4.09,14.50亿,42.59亿,4.51,176.48,9.31万手,0.02,0.64
1.20%,2.38亿,2.10%,1.76万手,1.09万手,7.18,4165.89万,56.15亿,19.85%,"
                        13.26",14.73,永贵电器,14.51,2.03,14.82,14.62,3.85亿,34.72亿,16.20,34.53,2.85万手,0.32,0.84
1.08%,2.35亿,1.76%,1.13万手,1.40万手,3.61,2470.87万,51.31亿,-11.10%,"
                        8.69",9.66,华鹏飞,9.65,2.68,9.82,9.66,5.31亿,22.74亿,10.63,43.00,2.54万手,0.17,0.76
1.56%,1.86亿,2.05%,1.58万手,1.33万手,11.96,1.19亿,97.17亿,59.24%,"
                        37.32",41.47,金卡智能,40.55,3.42,41.40,41.01,2.38亿,75.89亿,45.62,41.37,2.91万手,0.74,1.41
0.85%,1.82亿,2.44%,8685手,6869手,3.30,2371.67万,45.37亿,-21.30%,"
                        13.63",15.15,长亮科技,15.10,4.60,15.47,15.15,2.99亿,27.63亿,16.66,127.63,1.56万手,0.09,0.27
0.68%,3.04亿,2.74%,9414手,1.12万手,4.75,7358.11万,177.56亿,-2.52%,"
                        31.81",35.35,泰格医药,35.05,7.47,36.02,35.20,5.00亿,107.76亿,38.89,66.47,2.06万手,0.40,0.86
1.42%,1.22亿,3.52%,8198手,9069手,7.52,4657.77万,43.06亿,-70.49%,"
                        24.01",26.68,南大光电,26.50,3.56,27.44,26.65,1.61亿,32.65亿,29.35,109.61,1.73万手,0.18,0.46
1.69%,3.27亿,2.08%,3.10万手,2.42万手,1.78,3727.68万,29.66亿,43.72%,"
                        6.07",6.74,红宇新材,6.69,3.77,6.83,6.69,4.41亿,21.96亿,7.41,7532.83,5.51万手,0.00,1.14
7.28%,1.93亿,4.04%,7.80万手,6.28万手,1.90,1.63亿,38.87亿,28.99%,"
                        10.47",11.63,太空板业,11.41,6.05,11.88,11.62,3.38亿,22.25亿,12.79,--,14.08万手,-0.02,4.79
0.51%,3.78亿,1.32%,8472手,1.09万手,7.11,2502.37万,76.10亿,-4.42%,"
                        11.60",12.89,联创互联,12.81,1.81,12.98,12.89,5.90亿,48.71亿,14.18,24.95,1.94万手,0.39,0.26
0.34%,3.96亿,2.03%,7567手,5742手,3.01,2150.50万,70.37亿,-35.43%,"
                        14.60",16.22,天银机电,16.00,5.42,16.33,16.30,4.32亿,64.54亿,17.84,37.84,1.33万手,0.32,0.53
0.30%,3.71亿,1.17%,6435手,4868手,2.06,775.94万,35.00亿,-25.48%,"
                        6.16",6.84,麦迪电气,6.82,3.34,6.90,6.83,5.10亿,25.44亿,7.52,30.13,1.13万手,0.17,0.28
2.70%,8502.77万,2.32%,1.46万手,8339手,12.31,1.31亿,66.01亿,6.59%,"
                        51.66",57.40,科恒股份,56.01,4.55,57.34,57.34,1.18亿,47.62亿,63.14,36.56,2.30万手,1.15,0.30
1.41%,5.00亿,4.29%,3.77万手,3.26万手,5.00,7632.21万,76.55亿,36.84%,"
                        9.43",10.48,润和软件,10.66,2.14,11.11,10.73,7.15亿,53.46亿,11.53,45.97,7.03万手,0.17,2.00
0.35%,1.69亿,2.31%,1516手,4344手,6.06,1239.58万,71.90亿,-58.62%,"
                        18.73",20.81,开元股份,20.81,3.49,21.29,20.92,3.40亿,35.79亿,22.89,49.39,5861手,0.32,0.12
0.23%,7.01亿,1.46%,9606手,6717手,1.87,1331.46万,67.23亿,-28.22%,"
                        7.42",8.24,银邦股份,8.12,4.37,8.24,8.20,8.22亿,57.31亿,9.06,842.38,1.63万手,0.01,0.14
0.82%,4.53亿,1.22%,1.77万手,1.94万手,5.49,4278.08万,62.03亿,-26.83%,"
                        10.35",11.50,新文化,11.48,2.10,11.62,11.50,5.38亿,52.31亿,12.65,22.96,3.71万手,0.38,0.71
1.54%,2.63亿,1.42%,2.44万手,1.60万手,3.33,7103.83万,63.40亿,37.74%,"
                        15.85",17.61,迪森股份,17.48,5.27,17.73,17.55,3.62亿,46.07亿,19.37,29.11,4.04万手,0.45,1.22
2.75%,2.75亿,1.97%,4.18万手,3.38万手,4.79,1.15亿,41.93亿,63.50%,"
                        13.70",15.22,津膜科技,15.07,3.17,15.37,15.22,2.76亿,41.73亿,16.74,3651.94,7.56万手,0.00,1.10
1.59%,3.31亿,1.78%,2.95万手,2.33万手,2.56,4688.52万,29.84亿,61.89%,"
                        8.10",9.00,兆日科技,8.80,3.46,8.96,8.91,3.36亿,29.38亿,9.90,87.43,5.28万手,0.08,0.71
1.65%,6.33亿,2.64%,6.19万手,4.22万手,3.74,7086.95万,60.63亿,-17.15%,"
                        6.14",6.82,天壕环境,6.71,1.83,6.89,6.82,8.89亿,43.16亿,7.50,100.66,10.42万手,0.05,1.51
1.36%,1.31亿,1.61%,1.06万手,7207手,6.08,3098.96万,39.26亿,-36.38%,"
                        15.64",17.38,苏大维格,17.28,2.86,17.56,17.32,2.26亿,22.71亿,19.12,48.28,1.78万手,0.27,0.11
0.56%,1.68亿,2.12%,5190手,4144手,2.25,1013.51万,18.23亿,-21.35%,"
                        9.78",10.87,华虹计通,10.75,4.83,10.98,10.95,1.68亿,18.18亿,11.96,--,9334手,-0.03,0.28
0.59%,2.51亿,1.47%,5882手,8827手,3.28,1308.73万,22.44亿,-55.51%,"
                        7.98",8.87,海伦钢琴,8.82,2.72,8.95,8.84,2.51亿,22.40亿,9.76,54.35,1.47万手,0.12,0.27
0.51%,4.10亿,1.62%,1.08万手,1.01万手,1.83,2063.80万,40.24亿,33.03%,"
                        8.91",9.90,宜安科技,9.80,5.35,9.96,9.96,4.10亿,40.24亿,10.89,119.47,2.09万手,0.06,0.27
2.17%,2.08亿,1.73%,2.93万手,1.58万手,3.55,1.44亿,66.90亿,27.62%,"
                        29.13",32.37,中颖电子,31.81,8.98,32.37,32.18,2.10亿,66.12亿,35.61,52.83,4.51万手,0.45,0.93
1.17%,6.40亿,3.46%,3.69万手,3.79万手,2.78,6530.51万,62.70亿,28.13%,"
                        7.81",8.68,凯利泰,8.58,3.16,8.88,8.62,7.15亿,56.16亿,9.55,31.04,7.48万手,0.21,1.30
0.37%,7.95亿,1.12%,1.81万手,1.11万手,1.48,1811.94万,62.86亿,48.44%,"
                        5.62",6.24,德威新材,6.18,4.20,6.25,6.23,10.11亿,49.44亿,6.86,133.47,2.92万手,0.03,0.16
1.12%,6.78亿,2.89%,4.99万手,2.63万手,4.30,1.09亿,167.39亿,-9.28%,"
                        13.07",14.52,旋极信息,14.18,3.32,14.60,14.49,11.72亿,96.75亿,15.97,44.04,7.61万手,0.24,1.12
1.59%,6.90亿,3.75%,6.85万手,4.11万手,4.50,1.80亿,136.96亿,-1.32%,"
                        15.10",16.78,华灿光电,16.17,3.61,16.80,16.71,8.42亿,112.16亿,18.46,27.64,10.96万手,0.44,0.56
1.45%,3.70亿,1.69%,3.07万手,2.31万手,1.49,6328.73万,47.87亿,27.96%,"
                        10.67",11.86,硕贝德,11.67,7.91,11.87,11.86,4.07亿,43.55亿,13.05,125.51,5.39万手,0.07,0.80
2.47%,8274.23万,3.70%,4513手,1.59万手,6.57,4928.45万,21.79亿,-84.73%,"
                        21.43",23.81,同大股份,23.70,3.74,24.58,23.81,8880.00万,20.30亿,26.19,109.33,2.04万手,0.17,2.02
1.84%,4.27亿,2.58%,4.28万手,3.55万手,1.65,1.05亿,71.55亿,-49.75%,"
                        12.19",13.54,海达股份,13.25,8.23,13.60,13.59,5.28亿,57.80亿,14.89,53.48,7.83万手,0.19,3.38
0.46%,4.66亿,0.91%,1.21万手,9549手,3.23,1429.85万,46.56亿,-50.03%,"
                        5.95",6.61,麦捷科技,6.57,2.05,6.63,6.61,7.04亿,30.79亿,7.27,47.55,2.16万手,0.10,0.55
0.24%,5.70亿,1.25%,7515手,6326手,1.76,770.07万,45.92亿,15.06%,"
                        5.02",5.58,博晖创新,5.53,3.17,5.60,5.57,8.21亿,31.85亿,6.14,160.51,1.38万手,0.03,0.27
1.62%,3.24亿,1.65%,3.13万手,2.13万手,5.68,8311.87万,134.39亿,48.82%,"
                        14.21",15.79,珈伟股份,15.73,2.77,15.99,15.76,8.54亿,50.95亿,17.37,37.06,5.26万手,0.32,1.52
4.00%,9.21亿,7.45%,20.61万手,16.21万手,3.49,7.50亿,197.38亿,76.72%,"
                        19.21",21.34,晶盛机电,19.72,5.75,21.31,21.25,9.85亿,184.55亿,23.47,58.49,36.82万手,0.26,2.06
0.90%,26.43亿,1.58%,11.99万手,11.84万手,3.15,1.36亿,158.03亿,-22.58%,"
                        5.14",5.71,掌趣科技,5.67,1.82,5.76,5.69,27.58亿,151.42亿,6.28,30.06,23.83万手,0.14,0.48
1.03%,1.89亿,2.12%,6840手,1.27万手,2.71,2684.27万,40.00亿,59.62%,"
                        12.30",13.67,戴维医疗,13.60,5.12,13.89,13.66,2.88亿,26.27亿,15.04,59.73,1.95万手,0.17,0.66
1.24%,1.82亿,2.51%,1.31万手,9573手,1.84,2779.27万,24.12亿,-1.17%,"
                        11.12",12.36,天山生物,12.16,6.65,12.47,12.35,1.97亿,22.29亿,13.60,482.33,2.27万手,0.02,1.07
2.39%,1.84亿,1.75%,2.33万手,2.07万手,2.41,6013.84万,43.59亿,69.24%,"
                        12.35",13.72,邦讯技术,13.56,5.65,13.80,13.56,3.20亿,25.02亿,15.09,--,4.40万手,-0.12,1.40
1.42%,2.29亿,1.56%,1.84万手,1.40万手,2.56,4574.89万,63.02亿,-31.49%,"
                        12.72",14.13,任子行,13.99,5.49,14.21,14.20,4.48亿,32.18亿,15.54,55.49,3.24万手,0.19,0.69
1.36%,5.82亿,2.43%,4.76万手,3.14万手,3.96,9322.86万,104.51亿,-53.09%,"
                        10.75",11.94,宜通世纪,11.69,2.95,11.98,11.90,8.94亿,68.01亿,13.13,48.83,7.90万手,0.18,0.64
0.63%,4.34亿,1.69%,7499手,1.97万手,3.11,6110.32万,108.42亿,-40.40%,"
                        20.20",22.44,吉艾科技,22.30,7.21,22.68,22.67,4.84亿,97.15亿,24.68,78.31,2.72万手,0.21,0.37
0.33%,7.93亿,0.85%,1.67万手,9713手,5.02,2179.32万,66.00亿,21.00%,"
                        7.43",8.26,慈星股份,8.22,1.64,8.29,8.26,8.02亿,65.28亿,9.09,24.30,2.64万手,0.25,0.47
0.60%,1.36亿,0.98%,4980手,3143手,6.74,1329.89万,47.09亿,-24.94%,"
                        14.71",16.34,远方信息,16.30,2.43,16.46,16.33,2.87亿,22.20亿,17.97,34.26,8124手,0.36,0.35
1.09%,1.63亿,1.29%,9240手,8514手,4.94,1381.12万,22.52亿,-50.99%,"
                        6.98",7.75,裕兴股份,7.72,1.57,7.82,7.75,2.90亿,12.70亿,8.53,32.46,1.78万手,0.18,0.69
0.87%,8.39亿,1.22%,4.79万手,2.48万手,1.96,5328.73万,63.85亿,39.42%,"
                        6.62",7.35,云意电气,7.30,3.74,7.39,7.37,8.72亿,61.39亿,8.09,47.54,7.27万手,0.12,3.96
0.61%,10.21亿,1.07%,3.57万手,2.64万手,1.50,2315.26万,46.75亿,-12.33%,"
                        3.36",3.73,聚飞光电,3.71,2.50,3.75,3.74,12.50亿,38.18亿,4.10,28.66,6.21万手,0.10,0.26
1.13%,2.47亿,2.50%,1.72万手,1.07万手,1.71,3332.77万,49.92亿,29.50%,"
                        10.81",12.01,同有科技,11.83,6.95,12.13,12.05,4.21亿,29.24亿,13.21,210.88,2.79万手,0.04,0.64
1.16%,5.11亿,2.45%,2.25万手,3.68万手,2.73,3583.02万,48.28亿,-83.97%,"
                        5.51",6.12,长方集团,5.97,2.24,6.12,6.09,7.90亿,31.23亿,6.73,122.08,5.93万手,0.04,0.87
0.28%,2.73亿,1.74%,4110手,3446手,4.83,1251.45万,76.31亿,-18.48%,"
                        15.04",16.71,汉鼎宇佑,16.42,3.44,16.71,16.71,4.59亿,45.32亿,18.38,130.11,7556手,0.10,0.08
1.47%,3.02亿,3.16%,2.61万手,1.83万手,2.57,3927.92万,49.99亿,-5.40%,"
                        7.97",8.86,富春股份,8.71,3.42,8.99,8.87,5.70亿,26.52亿,9.75,47.50,4.44万手,0.14,0.30
1.42%,3.01亿,5.32%,1.98万手,2.29万手,3.27,9055.14万,85.54亿,-40.84%,"
                        18.61",20.68,三诺生物,20.40,6.41,21.50,20.68,4.07亿,63.16亿,22.75,30.57,4.27万手,0.52,1.28
0.55%,7.38亿,1.99%,2.19万手,1.89万手,3.21,3881.06万,112.13亿,-40.56%,"
                        8.59",9.54,蓝盾股份,9.43,2.98,9.62,9.54,11.75亿,70.45亿,10.49,39.39,4.08万手,0.18,0.72
1.01%,9.75亿,2.60%,4.62万手,5.20万手,3.07,2.08亿,344.03亿,37.70%,"
                        19.04",21.15,利亚德,20.90,6.88,21.45,21.19,16.29亿,206.01亿,23.27,40.73,9.82万手,0.39,2.39
2.38%,1.77亿,2.67%,2.07万手,2.14万手,5.63,8157.52万,37.44亿,-28.82%,"
                        17.22",19.13,三六五网,19.05,3.45,19.56,19.13,1.93亿,34.28亿,21.04,35.58,4.21万手,0.41,1.15
0.21%,3.26亿,1.63%,4313手,2426手,5.71,2095.60万,125.06亿,-30.50%,"
                        28.13",31.25,博雅生物,30.93,5.46,31.44,31.28,4.01亿,101.70亿,34.38,41.95,6740手,0.56,0.39
0.29%,2.68亿,1.94%,4384手,3353手,2.56,874.17万,30.43亿,8.71%,"
                        10.22",11.36,蓝英装备,11.18,4.40,11.40,11.40,2.70亿,30.15亿,12.50,107.80,7738手,0.08,0.39
--,9.10亿,--,--,--,2.08,--,72.28亿,--,"
                        5.10",5.67,吴通控股,--,2.72,--,--,12.75亿,51.59亿,6.24,33.34,--,0.13,--
--,5.97亿,--,--,--,7.88,--,92.21亿,--,"
                        10.22",11.35,华录百纳,--,1.44,--,--,8.12亿,67.71亿,12.49,58.99,--,0.14,--
--,1.30亿,--,--,--,2.19,--,27.90亿,--,"
                        7.81",8.68,荣科科技,--,3.97,--,--,3.21亿,11.28亿,9.55,179.89,--,0.04,--
0.46%,3.21亿,1.07%,7825手,7097手,3.07,1396.62万,39.80亿,12.77%,"
                        8.43",9.37,利德曼,9.31,3.06,9.41,9.41,4.24亿,30.17亿,10.31,53.03,1.49万手,0.13,0.66
1.33%,1.68亿,1.27%,1.23万手,1.01万手,4.00,5476.66万,82.49亿,26.90%,"
                        21.99",24.43,朗玛信息,24.29,6.10,24.60,24.36,3.38亿,41.03亿,26.87,19.94,2.24万手,0.92,0.94
2.22%,10.41亿,3.08%,10.89万手,12.26万手,3.99,1.76亿,108.51亿,6.16%,"
                        6.72",7.47,飞利信,7.46,1.89,7.69,7.46,14.35亿,78.69亿,8.22,24.99,23.15万手,0.23,0.36
1.16%,1.03亿,3.43%,5795手,6165手,4.50,2188.36万,26.43亿,-12.06%,"
                        16.29",18.10,安科瑞,18.01,4.06,18.63,18.07,1.45亿,18.79亿,19.91,25.45,1.20万手,0.54,1.00
0.82%,4.11亿,1.97%,1.87万手,1.47万手,3.06,6633.68万,118.94亿,-63.20%,"
                        17.82",19.80,国瓷材料,19.61,6.49,20.00,19.70,5.98亿,81.65亿,21.78,51.47,3.35万手,0.29,4.37
0.73%,3.51亿,2.22%,1.38万手,1.17万手,6.16,4256.87万,96.39亿,-61.65%,"
                        15.00",16.67,苏交科,16.51,2.71,16.88,16.66,5.78亿,58.46亿,18.34,23.73,2.56万手,0.53,0.57
0.66%,2.08亿,1.22%,6656手,7075手,1.36,791.03万,23.83亿,7.36%,"
                        5.17",5.74,温州宏丰,5.72,4.23,5.79,5.75,4.14亿,11.95亿,6.31,475.66,1.37万手,0.01,0.38
0.63%,2.11亿,1.84%,8166手,5221手,9.71,2519.34万,46.59亿,-0.59%,"
                        17.10",19.00,汇冠股份,18.66,1.92,19.01,19.00,2.50亿,39.44亿,20.90,42.87,1.34万手,0.33,0.44
0.65%,1.47亿,2.75%,5040手,4486手,4.27,1245.71万,36.61亿,-5.42%,"
                        11.80",13.11,金明精机,12.93,3.07,13.29,13.12,2.79亿,19.30亿,14.42,83.63,9527手,0.12,0.25
--,1.28亿,--,--,--,5.01,--,45.82亿,--,"
                        32.22",35.80,南通锻压,--,7.15,--,--,1.28亿,45.82亿,39.38,387.33,--,0.07,--
0.75%,2.91亿,1.87%,9672手,1.21万手,3.76,2888.32万,59.31亿,-32.59%,"
                        12.03",13.37,和晶科技,13.15,3.51,13.40,13.40,4.49亿,38.48亿,14.71,50.84,2.17万手,0.19,1.73
--,2.27亿,--,--,--,2.98,--,93.31亿,--,"
                        15.41",17.12,华昌达,--,5.75,--,--,5.45亿,38.82亿,18.83,110.09,--,0.12,--
2.13%,3.34亿,3.69%,2.85万手,4.26万手,1.39,6073.06万,28.81亿,-10.79%,"
                        7.56",8.40,海联讯,8.36,6.18,8.67,8.45,3.35亿,28.76亿,9.24,--,7.11万手,-0.01,1.91
0.40%,2.00亿,1.79%,4941手,3081手,1.63,940.89万,55.85亿,25.41%,"
                        10.58",11.76,三丰智能,11.65,7.20,11.86,11.80,4.77亿,23.40亿,12.94,513.76,8023手,0.02,0.27
6.97%,1.20亿,4.80%,4.11万手,4.23万手,3.30,1.20亿,23.31亿,1.15%,"
                        12.55",13.95,梅安森,14.01,4.29,14.68,14.06,1.64亿,17.00亿,15.35,56.77,8.35万手,0.19,3.47
1.38%,5.60亿,2.25%,4.82万手,2.92万手,3.03,7201.43万,72.95亿,-7.76%,"
                        8.40",9.33,和佳股份,9.23,3.05,9.44,9.29,7.88亿,51.90亿,10.26,73.93,7.74万手,0.09,0.67
0.87%,1.36亿,1.38%,6719手,5061手,4.67,2556.59万,32.26亿,34.12%,"
                        19.56",21.73,光韵达,21.55,4.66,21.85,21.73,1.48亿,29.55亿,23.90,49.01,1.18万手,0.33,0.11
1.80%,4.03亿,4.43%,2.75万手,4.51万手,4.27,1.18亿,82.43亿,-31.18%,"
                        14.41",16.01,银禧科技,16.09,3.81,16.80,16.09,5.06亿,65.71亿,17.61,40.38,7.26万手,0.30,0.46
0.32%,2.16亿,1.87%,3946手,2991手,4.54,625.45万,19.49亿,-72.16%,"
                        8.19",9.10,安利股份,8.96,1.98,9.13,9.07,2.17亿,19.42亿,10.01,--,6938手,-0.01,0.05
--,2.61亿,--,--,--,3.36,--,57.65亿,--,"
                        14.36",15.95,千山药机,--,4.75,--,--,3.61亿,41.63亿,17.55,97.47,--,0.12,--
1.53%,5.97亿,2.48%,5.45万手,3.70万手,2.57,8710.01万,72.19亿,16.75%,"
                        8.71",9.68,电科院,9.41,3.71,9.65,9.55,7.58亿,56.84亿,10.65,60.65,9.15万手,0.12,0.46
0.43%,1.86亿,1.68%,4116手,3798手,1.66,566.50万,21.70亿,-35.48%,"
                        6.44",7.16,亿通科技,7.13,4.33,7.25,7.18,3.03亿,13.31亿,7.88,427.10,7914手,0.01,0.23
0.93%,3.52亿,3.48%,2.21万手,1.08万手,2.66,2054.00万,30.36亿,71.22%,"
                        5.69",6.32,森远股份,6.18,2.35,6.40,6.35,4.84亿,22.08亿,6.95,43.47,3.29万手,0.11,0.32
1.00%,2.44亿,1.33%,1.30万手,1.15万手,6.98,4585.72万,54.69亿,4.77%,"
                        16.87",18.74,天泽信息,18.63,2.68,18.88,18.71,2.92亿,45.60亿,20.61,56.39,2.45万手,0.25,0.53
0.64%,6.16亿,3.15%,2.52万手,1.44万手,2.47,4881.80万,92.98亿,25.10%,"
                        11.16",12.40,恒顺众昇,12.12,4.91,12.51,12.38,7.67亿,74.75亿,13.64,22.27,3.96万手,0.41,0.16
0.55%,11.68亿,2.66%,3.25万手,3.13万手,2.04,6695.52万,135.65亿,33.33%,"
                        9.46",10.51,欣旺达,10.35,5.14,10.63,10.52,12.92亿,122.68亿,11.56,33.64,6.38万手,0.23,0.25
0.45%,3.44亿,1.27%,9661手,5671手,2.14,1314.99万,50.13亿,18.19%,"
                        7.79",8.66,理邦仪器,8.55,4.00,8.66,8.66,5.85亿,29.46亿,9.53,55.80,1.53万手,0.12,0.13
0.51%,4.26亿,1.25%,1.38万手,7678手,2.76,2060.25万,41.11亿,-3.40%,"
                        8.63",9.59,天喻信息,9.53,3.46,9.65,9.61,4.30亿,40.68亿,10.55,93.33,2.15万手,0.08,0.28
2.15%,4.52亿,4.33%,5.80万手,3.89万手,6.68,3.57亿,163.36亿,-85.65%,"
                        34.07",37.86,聚光科技,36.10,5.41,37.74,37.65,4.53亿,163.05亿,41.65,38.05,9.69万手,0.71,1.09
0.40%,5.85亿,0.68%,8025手,1.52万手,3.45,1368.20万,70.07亿,9.17%,"
                        5.27",5.86,福安药业,5.85,1.71,5.89,5.86,11.90亿,34.48亿,6.45,22.15,2.33万手,0.20,0.90
0.50%,3.66亿,0.93%,1.13万手,6894手,4.42,1365.90万,38.15亿,-23.71%,"
                        6.77",7.52,佳士科技,7.50,1.70,7.57,7.57,5.07亿,27.50亿,8.27,26.61,1.82万手,0.21,0.17
3.02%,2.07亿,4.62%,3.32万手,2.92万手,3.60,1.57亿,79.26亿,0.61%,"
                        22.98",25.53,潜能恒信,24.70,6.88,25.88,25.30,3.20亿,51.28亿,28.08,--,6.24万手,-0.06,0.60
0.58%,3.96亿,0.83%,1.38万手,9087手,7.91,2763.00万,54.68亿,29.41%,"
                        10.88",12.09,维尔利,12.04,1.53,12.14,12.11,4.52亿,47.91亿,13.30,36.65,2.29万手,0.25,0.39
0.68%,8.82亿,2.58%,2.41万手,3.57万手,1.38,2121.51万,36.35亿,1.79%,"
                        3.14",3.49,神农基因,3.49,2.56,3.58,3.51,10.24亿,31.30亿,3.84,--,5.98万手,-0.01,0.39
1.27%,3.02亿,1.70%,1.98万手,1.85万手,3.90,7880.76万,102.69亿,-26.28%,"
                        18.53",20.59,美亚柏科,20.44,5.30,20.79,20.79,4.97亿,62.30亿,22.65,117.10,3.82万手,0.13,0.60
--,5.96亿,--,--,--,2.39,--,72.64亿,--,"
                        10.08",11.20,永清环保,--,4.69,--,--,6.49亿,66.80亿,12.32,65.17,--,0.13,--
--,--,--,--,--,--,--,246.59亿,--,"
                        --",45.72,大华农,--,11.62,--,--,--,183.10亿,--,154.08,--,--,--
1.05%,27.41亿,2.58%,12.49万手,16.33万手,1.53,6742.00万,76.79亿,-22.67%,"
                        2.10",2.33,通裕重工,2.31,1.53,2.37,2.32,32.68亿,64.42亿,2.56,40.93,28.83万手,0.04,0.15
1.02%,3.01亿,1.02%,1.37万手,1.70万手,6.32,3613.10万,77.40亿,-40.57%,"
                        10.56",11.73,力源信息,11.69,1.86,11.81,11.70,6.58亿,35.45亿,12.90,21.70,3.07万手,0.41,0.20
2.86%,2.64亿,3.18%,4.84万手,2.70万手,5.73,1.44亿,89.12亿,45.76%,"
                        17.57",19.52,东软载波,18.89,3.30,19.51,19.37,4.70亿,49.93亿,21.47,36.00,7.54万手,0.41,1.32
1.27%,13.91亿,3.61%,7.73万手,9.98万手,3.71,1.60亿,232.26亿,-26.65%,"
                        7.97",8.86,捷成股份,8.82,2.43,9.14,8.82,25.75亿,125.44亿,9.75,22.59,17.72万手,0.30,3.08
9.35%,3.54亿,6.04%,16.86万手,16.21万手,2.24,2.51亿,46.68亿,-72.53%,"
                        6.86",7.62,佐力药业,7.35,3.43,7.81,7.55,6.09亿,27.14亿,8.38,68.67,33.07万手,0.08,3.04
0.30%,3.80亿,1.81%,4978手,6548手,7.62,2841.69万,156.11亿,-25.54%,"
                        22.38",24.87,华峰超纤,24.53,3.24,24.98,24.98,6.31亿,94.00亿,27.36,59.88,1.15万手,0.31,0.12
0.55%,3.25亿,1.59%,1.16万手,6400手,1.69,1127.73万,29.98亿,-13.83%,"
                        5.65",6.28,四方达,6.23,3.71,6.33,6.33,4.77亿,20.39亿,6.91,34.66,1.80万手,0.14,0.19
0.79%,5.32亿,4.18%,1.95万手,2.24万手,4.18,5795.22万,85.26亿,-27.49%,"
                        12.05",13.39,腾邦国际,13.47,3.30,14.03,13.47,6.18亿,73.38亿,14.73,29.88,4.18万手,0.35,0.45
0.45%,3.17亿,0.66%,8260手,6146手,3.66,1529.88万,47.51亿,-14.82%,"
                        9.56",10.62,中海达,10.59,2.91,10.66,10.62,4.47亿,33.67亿,11.68,88.69,1.44万手,0.09,0.27
1.38%,1.07亿,4.61%,6713手,8081手,8.36,1.93亿,142.68亿,-4.19%,"
                        116.10",129.00,鸿特精密,127.38,15.91,133.33,130.26,1.07亿,142.28亿,141.90,38.14,1.48万手,2.62,0.28
0.86%,4.62亿,1.21%,2.37万手,1.58万手,1.66,2925.02万,34.79亿,62.41%,"
                        6.69",7.43,朗源股份,7.37,4.44,7.46,7.43,4.71亿,34.11亿,8.17,50.84,3.95万手,0.11,0.56
0.08%,2.20亿,1.53%,1071手,684手,2.28,501.70万,70.26亿,-47.07%,"
                        25.83",28.70,元力股份,28.33,12.60,28.77,28.68,2.45亿,63.19亿,31.57,157.84,1756手,0.14,0.13
--,3.27亿,--,--,--,2.85,--,46.31亿,--,"
                        7.11",7.90,智慧松德,--,2.77,--,--,5.86亿,25.83亿,8.69,65.47,--,0.09,--
0.66%,3.34亿,2.79%,9966手,1.22万手,4.73,2171.15万,61.95亿,-16.41%,"
                        8.70",9.67,东富龙,9.65,2.08,9.92,9.72,6.28亿,32.91亿,10.64,42.03,2.21万手,0.18,0.65
2.33%,6.64亿,2.57%,7.27万手,8.23万手,2.68,1.94亿,107.15亿,-33.05%,"
                        11.20",12.44,汉得信息,12.33,4.67,12.65,12.39,8.58亿,82.93亿,13.68,40.68,15.50万手,0.23,1.58
0.78%,10.09亿,1.42%,4.07万手,3.82万手,2.28,1.06亿,138.06亿,-60.66%,"
                        12.01",13.34,万达信息,13.36,5.86,13.55,13.37,10.31亿,135.05亿,14.67,93.08,7.89万手,0.11,0.69
--,3.00亿,--,--,--,2.32,--,29.69亿,--,"
                        8.90",9.89,迪威迅,--,4.27,--,--,3.00亿,29.69亿,10.88,--,--,0.00,--
1.16%,3.05亿,2.00%,1.54万手,1.98万手,3.40,2292.92万,30.15亿,35.43%,"
                        5.84",6.49,天瑞仪器,6.44,1.92,6.57,6.49,4.62亿,19.90亿,7.14,33.65,3.52万手,0.15,0.29
4.91%,3.12亿,4.71%,7.35万手,7.98万手,3.48,1.06亿,31.13亿,-36.53%,"
                        6.12",6.80,通源石油,6.69,1.99,7.01,6.80,4.49亿,21.63亿,7.48,214.08,15.33万手,0.02,1.68
0.86%,3.30亿,1.66%,1.74万手,1.11万手,1.53,1719.99万,28.58亿,9.43%,"
                        5.42",6.02,先锋新材,5.99,3.95,6.09,6.01,4.74亿,19.90亿,6.62,330.73,2.85万手,0.01,0.28
0.95%,1.65亿,0.91%,8921手,6795手,6.47,2587.28万,28.42亿,-24.21%,"
                        14.85",16.50,华中数控,16.39,2.54,16.54,16.50,1.73亿,27.21亿,18.15,354.52,1.57万手,0.03,0.38
0.39%,5.87亿,1.27%,1.28万手,1.01万手,2.24,1809.07万,47.10亿,6.74%,"
                        7.11",7.90,秀强股份,7.84,3.52,7.94,7.88,5.98亿,46.25亿,8.69,26.18,2.29万手,0.23,0.30
--,9.53亿,--,--,--,4.06,--,155.00亿,--,"
                        9.36",10.40,新研股份,--,2.56,--,--,14.90亿,99.09亿,11.44,45.29,--,0.17,--
0.87%,4.09亿,1.42%,1.64万手,1.93万手,10.57,5032.73万,73.61亿,-10.32%,"
                        12.64",14.04,振东制药,13.99,1.34,14.19,14.08,5.19亿,57.93亿,15.44,22.73,3.58万手,0.47,0.87
3.37%,6.14亿,3.50%,12.51万手,8.17万手,5.36,2.04亿,69.50亿,37.07%,"
                        8.99",9.99,恒泰艾普,9.73,1.82,10.08,9.87,7.13亿,59.82亿,10.99,66.38,20.68万手,0.11,0.90
--,7.22亿,--,--,--,3.07,--,244.02亿,--,"
                        21.74",24.16,神雾环保,--,7.87,--,--,10.10亿,174.39亿,26.58,26.84,--,0.68,--
1.96%,2.78亿,3.10%,2.94万手,2.50万手,2.09,3204.04万,32.22亿,9.70%,"
                        5.22",5.80,安居宝,5.80,2.83,5.98,5.81,5.43亿,16.47亿,6.38,404.19,5.44万手,0.01,1.55
--,7.13亿,--,--,--,1.92,--,47.97亿,--,"
                        6.06",6.73,科融环境,--,3.51,--,--,7.13亿,47.97亿,7.40,383.89,--,0.01,--
0.64%,4.43亿,1.78%,1.69万手,1.15万手,2.76,1588.69万,32.82亿,0.80%,"
                        5.06",5.62,世纪瑞尔,5.54,2.04,5.64,5.58,5.85亿,24.85亿,6.18,--,2.84万手,-0.04,0.74
--,4.05亿,--,--,--,1.90,--,64.79亿,--,"
                        13.82",15.35,量子高科,--,8.08,--,--,4.22亿,62.19亿,16.89,97.73,--,0.12,--
1.11%,7.62亿,1.82%,5.93万手,2.52万手,5.07,6911.31万,69.03亿,12.59%,"
                        7.42",8.24,天舟文化,8.12,1.61,8.27,8.24,8.45亿,62.27亿,9.06,37.18,8.45万手,0.16,1.71
0.67%,6.60亿,1.45%,2.73万手,1.68万手,5.24,3938.23万,59.00亿,21.25%,"
                        8.05",8.95,香雪制药,8.86,1.70,8.99,8.95,6.61亿,58.91亿,9.85,62.87,4.42万手,0.11,0.61
1.67%,8.72亿,1.36%,8.70万手,5.90万手,3.47,2.14亿,215.08亿,-22.13%,"
                        13.26",14.73,汤臣倍健,14.57,4.21,14.77,14.69,14.70亿,127.59亿,16.20,20.08,14.60万手,0.55,1.99
1.43%,7.40亿,2.52%,6.49万手,4.09万手,3.71,1.28亿,145.46亿,5.99%,"
                        11.06",12.29,中金环境,12.03,3.26,12.34,12.30,12.02亿,89.52亿,13.52,24.55,10.57万手,0.37,3.56
0.35%,11.52亿,1.32%,2.28万手,1.72万手,4.95,7526.54万,273.38亿,-17.44%,"
                        16.98",18.87,宋城演艺,18.70,3.80,18.95,18.93,14.53亿,216.89亿,20.76,22.34,4.00万手,0.63,0.68
--,1.38亿,--,--,--,8.07,--,73.83亿,--,"
                        23.04",25.60,星普医科,--,3.17,--,--,2.88亿,35.26亿,28.16,43.98,--,0.44,--
1.40%,13.50亿,4.15%,8.53万手,10.35万手,2.06,3.70亿,307.33亿,-51.53%,"
                        17.36",19.29,沃森生物,19.20,9.73,20.00,19.47,15.37亿,269.87亿,21.22,--,18.88万手,-0.03,1.49
2.30%,1.63亿,3.62%,1.70万手,2.04万手,2.74,4483.78万,30.75亿,-29.87%,"
                        10.70",11.89,和顺电气,11.72,4.40,12.15,11.85,2.55亿,19.59亿,13.08,171.62,3.74万手,0.05,1.80
--,2.41亿,--,--,--,3.70,--,59.75亿,--,"
                        15.58",17.31,中环装备,--,4.68,--,--,3.45亿,41.79亿,19.04,161.36,--,0.08,--
0.50%,2.66亿,1.55%,6549手,6827手,4.34,1708.02万,46.86亿,-23.85%,"
                        11.61",12.90,晨光生物,12.70,2.95,12.90,12.82,3.67亿,33.91亿,14.19,30.33,1.34万手,0.32,0.19
1.10%,7.45亿,4.21%,5.02万手,3.21万手,2.61,4.26亿,502.72亿,-82.61%,"
                        47.25",52.50,信维通信,50.78,19.57,52.99,52.50,9.83亿,381.03亿,57.75,52.74,8.23万手,0.73,0.65
--,7.12亿,--,--,--,7.13,--,126.25亿,--,"
                        14.81",16.45,大富科技,--,2.31,--,--,7.67亿,117.19亿,18.10,--,--,-0.48,--
0.78%,11.88亿,2.52%,3.90万手,5.42万手,3.75,1.05亿,198.74亿,-35.16%,"
                        9.98",11.09,华策影视,11.03,2.99,11.31,11.09,17.70亿,133.38亿,12.20,48.40,9.32万手,0.17,1.48
0.28%,2.90亿,2.35%,5121手,3021手,1.83,652.51万,30.95亿,-6.83%,"
                        7.28",8.09,青松股份,7.97,4.38,8.16,8.16,3.86亿,23.24亿,8.90,32.02,8142手,0.19,0.06
3.87%,6.28亿,7.30%,9.18万手,15.11万手,1.75,1.73亿,77.65亿,-19.47%,"
                        6.17",6.85,英唐智控,6.81,4.16,7.31,6.86,10.70亿,45.58亿,7.54,46.84,24.29万手,0.12,1.99
1.00%,1.57亿,6.08%,8869手,6789手,7.48,3818.14万,63.61亿,-70.75%,"
                        21.46",23.84,新国都,23.93,3.21,25.38,24.25,2.65亿,37.70亿,26.22,101.00,1.57万手,0.18,0.63
2.52%,4.91亿,2.30%,7.33万手,5.06万手,3.11,8963.49万,52.64亿,76.44%,"
                        6.65",7.39,泰胜风能,7.19,2.33,7.36,7.36,7.27亿,35.53亿,8.13,25.72,12.39万手,0.21,0.91
2.02%,5.34亿,3.01%,6.07万手,4.70万手,2.38,1.14亿,88.03亿,-7.53%,"
                        9.56",10.62,锦富技术,10.44,4.40,10.76,10.70,8.42亿,55.85亿,11.68,199.15,10.77万手,0.04,1.15
0.87%,2.27亿,1.15%,1.17万手,8009手,3.62,3397.83万,55.45亿,-16.61%,"
                        15.62",17.35,银河磁体,17.15,4.74,17.35,17.30,3.23亿,38.97亿,19.09,28.06,1.97万手,0.46,0.30
0.81%,2.10亿,1.45%,8967手,8175手,3.39,1189.38万,21.20亿,-0.81%,"
                        6.23",6.92,锐奇股份,6.90,2.04,7.00,6.93,3.05亿,14.60亿,7.61,859.31,1.71万手,0.01,0.30
0.34%,9029.75万,1.77%,1400手,1631手,8.77,799.39万,31.10亿,-88.75%,"
                        23.84",26.49,易世达,26.02,3.01,26.49,26.49,1.18亿,23.80亿,29.14,1654.09,3032手,0.01,0.18
0.55%,12.84亿,2.70%,3.88万手,3.21万手,3.06,2.01亿,471.23亿,-77.08%,"
                        25.97",28.86,汇川技术,28.12,9.26,28.90,28.90,16.65亿,363.43亿,31.75,48.87,7.09万手,0.43,0.80
0.80%,8.69亿,1.86%,2.90万手,4.06万手,1.74,2.09亿,480.64亿,-25.92%,"
                        26.67",29.63,智飞生物,29.69,17.22,30.24,29.88,16.00亿,261.10亿,32.59,126.38,6.96万手,0.18,2.34
0.79%,2.73亿,2.44%,1.04万手,1.13万手,2.69,3019.83万,40.03亿,24.84%,"
                        12.56",13.96,阳谷华泰,13.80,5.15,14.14,13.90,2.89亿,37.74亿,15.36,23.47,2.17万手,0.44,0.56
0.59%,1.51亿,2.23%,6415手,2497手,3.03,1121.15万,36.99亿,-81.15%,"
                        11.32",12.58,经纬电材,12.50,4.14,12.78,12.54,2.95亿,18.98亿,13.84,162.13,8913手,0.08,0.21
0.26%,2.05亿,1.43%,3437手,1827手,4.82,627.02万,48.13亿,-2.15%,"
                        10.72",11.91,瑞普生物,11.86,2.47,12.03,11.92,4.04亿,24.36亿,13.10,35.25,5265手,0.25,0.17
0.41%,4.97亿,0.81%,1.11万手,9032手,8.03,2506.19万,112.44亿,-19.36%,"
                        11.17",12.41,东方日升,12.40,1.55,12.50,12.45,9.05亿,61.72亿,13.65,19.56,2.02万手,0.48,0.27
1.19%,7.14亿,2.95%,4.83万手,3.66万手,2.07,5699.34万,47.88亿,-28.18%,"
                        6.09",6.77,嘉寓股份,6.61,3.23,6.81,6.70,7.17亿,47.71亿,7.45,49.18,8.49万手,0.10,0.97
--,12.38亿,--,--,--,3.53,--,185.36亿,--,"
                        6.86",7.62,坚瑞沃能,--,2.16,--,--,24.33亿,94.35亿,8.38,18.50,--,0.31,--
1.72%,8.95亿,2.47%,8.47万手,6.89万手,4.85,3.20亿,187.76亿,43.81%,"
                        18.94",21.04,长盈精密,20.62,4.29,21.14,20.88,9.03亿,186.17亿,23.14,26.08,15.36万手,0.59,3.75
0.29%,5.91亿,1.83%,8515手,8321手,2.41,1754.60万,61.85亿,-0.63%,"
                        9.35",10.39,中航电测,10.32,4.35,10.51,10.33,5.91亿,61.85亿,11.43,45.01,1.68万手,0.17,1.03
2.47%,4.62亿,2.65%,6.89万手,4.54万手,4.25,2.14亿,128.69亿,-49.04%,"
                        16.97",18.86,顺网科技,18.54,4.36,19.04,18.97,6.93亿,85.76亿,20.75,26.02,11.43万手,0.53,2.11
0.67%,1.60亿,2.34%,5532手,5196手,2.88,1110.80万,27.49亿,-46.31%,"
                        9.22",10.24,万讯自控,10.25,3.59,10.49,10.28,2.66亿,16.53亿,11.26,46.84,1.07万手,0.17,0.40
0.61%,9.84亿,2.24%,2.61万手,3.34万手,1.50,8821.54万,146.34亿,-37.56%,"
                        13.24",14.71,华仁药业,14.60,9.90,14.93,14.60,9.86亿,145.98亿,16.18,473.91,5.95万手,0.02,0.85
0.44%,4.23亿,1.36%,1.08万手,7918手,2.91,1778.69万,63.20亿,1.08%,"
                        8.63",9.59,吉药控股,9.46,3.26,9.59,9.52,6.66亿,40.11亿,10.55,47.12,1.87万手,0.16,0.42
8.01%,3.27亿,7.77%,13.19万手,13.04万手,1.70,1.59亿,33.30亿,-35.97%,"
                        5.33",5.92,建新股份,5.78,3.58,6.24,5.86,5.47亿,19.94亿,6.51,72.73,26.22万手,0.06,4.12
1.18%,2.10亿,1.64%,1.19万手,1.29万手,4.28,1988.28万,17.01亿,-64.14%,"
                        7.15",7.95,西部牧业,7.92,1.88,8.05,7.95,2.11亿,16.93亿,8.75,--,2.49万手,-0.38,0.75
0.91%,5.13亿,3.03%,2.24万手,2.43万手,3.74,2652.59万,29.05亿,8.50%,"
                        5.05",5.61,龙源技术,5.60,1.51,5.77,5.62,5.13亿,29.05亿,6.17,989.25,4.67万手,0.00,0.61
--,25.45亿,--,--,--,3.13,--,611.58亿,--,"
                        13.80",15.33,乐视网,--,4.90,--,--,39.89亿,390.13亿,16.86,--,--,-0.41,--
0.67%,1.68亿,2.20%,4977手,6260手,4.12,2022.96万,38.09亿,-54.91%,"
                        15.94",17.71,达刚路机,17.80,4.36,18.19,17.99,2.12亿,30.14亿,19.48,97.05,1.12万手,0.14,0.35
4.79%,6.82亿,3.12%,19.14万手,13.53万手,3.76,3.26亿,70.85亿,55.11%,"
                        9.22",10.25,乾照光电,9.88,2.63,10.20,10.16,7.16亿,67.50亿,11.28,33.56,32.67万手,0.22,2.25
1.20%,5.49亿,2.63%,4.11万手,2.46万手,1.54,8878.23万,74.62亿,50.28%,"
                        12.32",13.69,振芯科技,13.35,8.69,13.71,13.60,5.56亿,73.74亿,15.06,231.99,6.57万手,0.04,0.71
1.30%,3.86亿,1.34%,3.07万手,1.98万手,6.90,8189.83万,65.49亿,51.00%,"
                        14.81",16.46,双林股份,16.15,2.37,16.37,16.26,4.01亿,63.15亿,18.11,21.93,5.04万手,0.56,1.58
0.83%,3.70亿,1.46%,1.58万手,1.47万手,2.44,1894.77万,41.56亿,-57.31%,"
                        5.55",6.17,精准信息,6.15,2.54,6.24,6.16,6.69亿,22.99亿,6.79,133.41,3.06万手,0.04,0.26
2.34%,5.92亿,4.59%,8.06万手,5.77万手,3.67,1.93亿,160.18亿,-49.46%,"
                        12.54",13.93,高新兴,13.63,3.71,14.27,13.87,11.75亿,80.69亿,15.32,41.34,13.83万手,0.26,1.85
0.98%,1.54亿,1.18%,5916手,9288手,6.86,4374.60万,82.73亿,-39.54%,"
                        25.85",28.72,智云股份,28.63,4.18,28.97,28.79,2.89亿,44.28亿,31.59,37.53,1.52万手,0.57,0.33
1.15%,3.86亿,1.65%,2.50万手,1.93万手,1.53,4828.41万,46.91亿,-19.09%,"
                        9.84",10.93,易联众,10.83,7.14,11.01,11.01,4.30亿,42.08亿,12.02,--,4.43万手,-0.12,0.47
0.93%,2.28亿,1.73%,9487手,1.18万手,3.37,1724.97万,30.63亿,-6.19%,"
                        7.27",8.08,华伍股份,8.02,2.40,8.16,8.06,3.79亿,18.43亿,8.89,57.22,2.13万手,0.11,0.32
0.87%,2.15亿,1.97%,1.23万手,6498手,4.12,2167.43万,24.84亿,-19.11%,"
                        10.50",11.67,金刚玻璃,11.45,2.79,11.68,11.68,2.16亿,24.75亿,12.84,134.84,1.88万手,0.06,0.27
0.70%,1.67亿,1.29%,6762手,4938手,2.22,997.72万,20.35亿,-58.22%,"
                        7.68",8.53,科新机电,8.47,3.87,8.58,8.51,2.38亿,14.31亿,9.38,301.40,1.17万手,0.02,0.21
--,3.60亿,--,--,--,2.53,--,94.95亿,--,"
                        15.38",17.09,金通灵,--,6.75,--,--,5.56亿,61.56亿,18.80,70.90,--,0.18,--
--,8.77亿,--,--,--,3.96,--,121.96亿,--,"
                        8.32",9.24,盛运环保,--,2.34,--,--,13.20亿,81.05亿,10.16,2458.82,--,0.00,--
2.07%,2.68亿,2.29%,2.48万手,3.05万手,4.14,5556.85万,43.61亿,-42.42%,"
                        9.05",10.05,文化长城,9.91,2.42,10.14,10.05,4.35亿,26.84亿,11.06,65.50,5.53万手,0.11,0.78
1.60%,22.57亿,1.47%,20.78万手,15.28万手,1.85,2.91亿,185.29亿,52.30%,"
                        7.33",8.15,长信科技,8.04,4.35,8.16,8.12,22.99亿,181.90亿,8.97,30.38,36.06万手,0.20,1.51
0.63%,3.45亿,2.97%,1.03万手,1.15万手,1.53,2317.72万,45.25亿,-36.76%,"
                        9.71",10.79,荃银高科,10.51,7.03,10.83,10.70,4.22亿,37.01亿,11.87,--,2.17万手,-0.07,0.50
--,4.37亿,--,--,--,4.09,--,48.60亿,--,"
                        9.72",10.80,康芝药业,--,2.64,--,--,4.50亿,47.22亿,11.88,88.42,--,0.09,--
2.64%,3.92亿,4.23%,5.58万手,4.77万手,1.89,1.43亿,96.67亿,-62.13%,"
                        12.14",13.49,银之杰,13.58,7.25,14.15,13.70,7.07亿,53.69亿,14.84,269.87,10.34万手,0.04,0.98
3.02%,3.07亿,1.47%,5.48万手,3.80万手,4.68,6846.75万,28.43亿,34.43%,"
                        6.75",7.50,海默科技,7.34,1.58,7.45,7.35,3.85亿,22.68亿,8.25,882.72,9.27万手,0.01,2.02
0.94%,11.89亿,1.16%,6.62万手,4.54万手,3.86,8635.75万,110.40亿,50.06%,"
                        6.99",7.77,劲胜智能,7.70,2.00,7.79,7.75,14.32亿,91.67亿,8.55,19.80,11.16万手,0.29,0.57
0.75%,6.74亿,2.88%,2.91万手,2.14万手,4.14,3541.87万,47.85亿,19.01%,"
                        6.25",6.94,奥克股份,6.90,1.70,7.10,6.94,6.81亿,47.38亿,7.63,22.72,5.05万手,0.23,0.32
1.84%,2.45亿,2.14%,2.28万手,2.23万手,4.15,4667.93万,54.93亿,-61.50%,"
                        9.26",10.29,恒信东方,10.22,2.49,10.44,10.30,5.31亿,25.39亿,11.32,52.36,4.51万手,0.15,0.66
0.86%,5.02亿,1.22%,2.59万手,1.72万手,5.82,2818.89万,32.98亿,-44.08%,"
                        5.90",6.56,易成新能,6.51,1.13,6.59,6.55,5.03亿,32.93亿,7.22,--,4.31万手,-0.60,0.45
0.74%,12.08亿,1.15%,4.96万手,4.00万手,2.59,3891.95万,59.93亿,-47.81%,"
                        3.91",4.34,数码科技,4.32,1.68,4.37,4.33,13.78亿,52.56亿,4.77,53.45,8.96万手,0.06,0.57
1.65%,4.94亿,2.01%,4.44万手,3.72万手,2.52,8896.35万,87.66亿,62.68%,"
                        9.83",10.92,思创医惠,10.81,4.31,11.03,10.88,8.08亿,53.59亿,12.01,60.68,8.15万手,0.13,2.58
4.13%,5.42亿,1.93%,11.48万手,10.92万手,5.42,2.32亿,58.54亿,-11.08%,"
                        9.32",10.35,国民技术,10.28,1.92,10.48,10.33,5.63亿,56.30亿,11.39,86.87,22.40万手,0.09,0.42
1.83%,2.72亿,1.73%,2.82万手,2.17万手,4.68,8372.97万,70.90亿,46.73%,"
                        15.07",16.74,数字政通,16.63,3.57,16.92,16.70,4.25亿,45.45亿,18.41,69.98,4.99万手,0.18,0.31
0.76%,3.96亿,1.59%,1.12万手,1.89万手,2.12,2460.98万,44.56亿,-44.63%,"
                        7.35",8.17,华平股份,8.14,3.87,8.27,8.25,5.43亿,32.49亿,8.99,213.31,3.00万手,0.03,0.31
2.40%,3.33亿,3.92%,4.58万手,3.43万手,4.30,2.08亿,94.12亿,37.97%,"
                        23.63",26.26,当升科技,25.51,5.98,26.54,26.20,3.66亿,85.72亿,28.89,38.50,8.01万手,0.50,1.60
1.44%,13.76亿,3.11%,8.92万手,10.84万手,4.57,7.43亿,683.23亿,-54.58%,"
                        33.26",36.95,三聚环保,36.90,8.28,38.05,37.01,18.08亿,519.86亿,40.65,25.69,19.76万手,1.10,1.59
--,4.42亿,--,--,--,1.91,--,52.92亿,--,"
                        7.02",7.80,华谊嘉信,--,4.08,--,--,6.78亿,34.47亿,8.58,29.37,--,0.20,--
0.97%,19.21亿,1.79%,10.65万手,8.05万手,5.19,3.34亿,556.54亿,28.52%,"
                        16.13",17.92,碧水源,17.74,3.42,18.06,17.95,31.34亿,341.17亿,19.71,56.32,18.70万手,0.24,1.71
1.61%,9169.93万,1.36%,1891手,1.29万手,4.51,5006.50万,39.48亿,-38.69%,"
                        30.54",33.93,金利华电,33.54,7.48,34.00,33.93,1.17亿,30.94亿,37.32,145.41,1.48万手,0.17,0.71
0.94%,5.85亿,1.12%,2.62万手,2.88万手,6.92,8839.52万,141.02亿,-50.90%,"
                        14.53",16.14,南都电源,16.00,2.34,16.18,16.14,8.72亿,94.62亿,17.75,28.86,5.50万手,0.42,0.79
2.07%,4.32亿,2.81%,4.43万手,4.52万手,1.67,5402.82万,44.27亿,-68.18%,"
                        5.45",6.05,安诺其,5.95,3.64,6.12,6.00,7.27亿,26.32亿,6.66,45.71,8.95万手,0.11,1.41
0.76%,9.49亿,2.48%,3.87万手,3.31万手,1.45,3458.71万,49.71亿,12.74%,"
                        4.36",4.84,三川智慧,4.77,3.30,4.89,4.89,10.40亿,45.36亿,5.32,58.60,7.18万手,0.06,0.24
1.89%,2.74亿,1.93%,2.03万手,3.14万手,3.31,9116.55万,64.06亿,-70.53%,"
                        15.85",17.61,海兰信,17.46,5.35,17.80,17.65,3.62亿,48.45亿,19.37,65.73,5.17万手,0.20,1.29
1.19%,6.06亿,1.69%,2.98万手,4.26万手,5.65,1.02亿,170.09亿,21.67%,"
                        12.78",14.20,豫金刚石,13.99,2.50,14.23,14.19,12.05亿,85.47亿,15.62,73.48,7.24万手,0.14,0.48
1.06%,4.10亿,0.89%,2.81万手,1.56万手,3.19,2433.71万,40.46亿,-6.14%,"
                        5.03",5.59,天龙集团,5.55,1.75,5.60,5.58,7.26亿,22.85亿,6.15,25.71,4.37万手,0.16,1.81
1.30%,1.89亿,1.84%,1.21万手,1.25万手,2.85,1745.73万,21.93亿,-16.63%,"
                        6.36",7.07,中能电气,7.02,2.50,7.15,7.05,3.08亿,13.48亿,7.78,145.83,2.46万手,0.04,0.57
0.91%,1.99亿,2.50%,1.33万手,4680手,6.43,2858.51万,83.03亿,83.15%,"
                        14.42",16.02,康旗股份,15.77,2.45,16.17,15.89,5.26亿,31.38亿,17.62,33.28,1.80万手,0.36,0.57
0.65%,15.70亿,1.57%,6.28万手,3.86万手,3.20,5832.46万,127.25亿,-4.85%,"
                        5.17",5.75,蓝色光标,5.71,1.79,5.80,5.74,22.13亿,90.26亿,6.33,34.20,10.14万手,0.13,0.56
0.22%,2.94亿,0.68%,2949手,3544手,5.40,662.70万,44.98亿,-70.06%,"
                        9.21",10.23,万顺股份,10.17,1.89,10.24,10.24,4.40亿,30.09亿,11.25,48.47,6493手,0.16,0.20
2.09%,2.70亿,5.41%,2.44万手,3.21万手,3.88,4250.26万,29.22亿,-17.38%,"
                        6.66",7.40,三维丝,7.31,1.95,7.71,7.44,3.85亿,20.50亿,8.14,--,5.65万手,-0.50,0.70
1.62%,8.65亿,2.59%,8.50万手,5.53万手,6.68,3.05亿,186.27亿,-66.73%,"
                        19.77",21.97,万邦达,21.50,3.23,22.07,21.97,8.65亿,186.27亿,24.17,47.21,14.03万手,0.34,1.78
2.02%,6.65亿,3.43%,7.01万手,6.45万手,3.61,1.61亿,113.59亿,46.25%,"
                        10.75",11.95,鼎龙股份,11.82,3.28,12.23,11.85,9.61亿,78.60亿,13.15,37.49,13.46万手,0.24,4.96
2.67%,4.64亿,2.71%,7.67万手,4.71万手,3.27,1.81亿,90.92亿,-41.96%,"
                        13.30",14.78,欧比特,14.51,4.46,14.91,14.78,6.23亿,67.72亿,16.26,75.08,12.37万手,0.15,0.98
2.43%,2.60亿,2.70%,3.72万手,2.61万手,2.75,9093.33万,37.20亿,34.52%,"
                        12.99",14.43,中青宝,14.21,5.17,14.60,14.31,2.61亿,37.08亿,15.87,147.81,6.33万手,0.07,0.99
